"asset_id","family","role","role_verdict","lifecycle_status","stage","original_path","intake_relative_path","bytes","sha256","best_authority","outstanding_action"
"LB_BODY_WELD_FRAMING_FIXTURE_INTAKE_V001","Cairnwell 2040 body-weld framing fixture","empty BIW framing and geometry welding fixture","PASS","REFERENCE_ONLY_RUNTIME_BLOCKED","generate","C:/Users/greg_/Downloads/Meshy_AI_Precision_Assembly_Fr_0812072702_generate.blend","SourceAssets/Candidate/WeldShop/BodyWeldFramingFixture_Intake_v001/Authority/GenerateTextureBranch/Meshy_AI_Precision_Assembly_Fr_0812072702_generate.blend","148831826","46BF7D136B7F11F3538EFD9F9393766A0754F4B4475E73EF44BBBC9B8910053A","False","Modular optimized rebuild with approved scale, towers/clamps/slides/pivots, collision and placement envelope."
"LB_BODY_WELD_FRAMING_FIXTURE_INTAKE_V001","Cairnwell 2040 body-weld framing fixture","empty BIW framing and geometry welding fixture","PASS","REFERENCE_ONLY_RUNTIME_BLOCKED","part-segmentation","C:/Users/greg_/Downloads/Meshy_AI__0812072709_part-segmentation.blend","SourceAssets/Candidate/WeldShop/BodyWeldFramingFixture_Intake_v001/Authority/UnverifiedSegmentationBranch/Meshy_AI__0812072709_part-segmentation.blend","227553114","14DEDF5D65384268B246E3DCDD4B49CCE7B765F8E92650C8BBBE20AAC006E01D","False","Modular optimized rebuild with approved scale, towers/clamps/slides/pivots, collision and placement envelope."
"LB_BODY_WELD_FRAMING_FIXTURE_INTAKE_V001","Cairnwell 2040 body-weld framing fixture","empty BIW framing and geometry welding fixture","PASS","REFERENCE_ONLY_RUNTIME_BLOCKED","texture","C:/Users/greg_/Downloads/Meshy_AI_Precision_Assembly_Fr_0812072950_texture.blend","SourceAssets/Candidate/WeldShop/BodyWeldFramingFixture_Intake_v001/Authority/GenerateTextureBranch/Meshy_AI_Precision_Assembly_Fr_0812072950_texture.blend","263113278","EA17E18A96E9C27E79488119AB59430862AD010B3450A1A6C9932C699BC4FEE6","True","Modular optimized rebuild with approved scale, towers/clamps/slides/pivots, collision and placement envelope."
"LB_C2040_CHASSIS_FRAME_UNDERBODY_INTAKE_V001","Cairnwell 2040 lower underbody and transport skid","lower stamped underbody/base kit carried on a separate skid-like base; not a complete BIW","PASS","REFERENCE_ONLY_RUNTIME_BLOCKED","generate","C:/Users/greg_/Downloads/Meshy_AI_Automotive_Chassis_Fr_0812064719_generate.blend","SourceAssets/Candidate/Vehicles/Cairnwell2040/ChassisFrameUnderbody_Intake_v001/Authority/BranchA_GenerateTexture/Meshy_AI_Automotive_Chassis_Fr_0812064719_generate.blend","154632407","C6570C6A5335D20FE56F1F4073CB1829A9392614C5D53047D3025CB041F5D281","False","Use 4813 only as a visual split reference: its 20 generic objects do not establish a verified semantic body-versus-skid split. Rebuild semantic underbody groups and a genuinely separate skid; both segmentation alternates fail lineage to the coherent generate/texture branch."
"LB_C2040_CHASSIS_FRAME_UNDERBODY_INTAKE_V001","Cairnwell 2040 lower underbody and transport skid","lower stamped underbody/base kit carried on a separate skid-like base; not a complete BIW","PASS","REFERENCE_ONLY_RUNTIME_BLOCKED","part-segmentation-alternate-a","C:/Users/greg_/Downloads/Meshy_AI__0812064711_part-segmentation.blend","SourceAssets/Candidate/Vehicles/Cairnwell2040/ChassisFrameUnderbody_Intake_v001/Authority/BranchB_Segmentation_4711/Meshy_AI__0812064711_part-segmentation.blend","234031425","1C037786B2382CEAC689A8A84F8BBF94D9B90B8DA34D5E07A5FD19D976A2AD2C","False","Use 4813 only as a visual split reference: its 20 generic objects do not establish a verified semantic body-versus-skid split. Rebuild semantic underbody groups and a genuinely separate skid; both segmentation alternates fail lineage to the coherent generate/texture branch."
"LB_C2040_CHASSIS_FRAME_UNDERBODY_INTAKE_V001","Cairnwell 2040 lower underbody and transport skid","lower stamped underbody/base kit carried on a separate skid-like base; not a complete BIW","PASS","REFERENCE_ONLY_RUNTIME_BLOCKED","part-segmentation-alternate-b","C:/Users/greg_/Downloads/Meshy_AI__0812064813_part-segmentation.blend","SourceAssets/Candidate/Vehicles/Cairnwell2040/ChassisFrameUnderbody_Intake_v001/Authority/BranchC_Segmentation_4813/Meshy_AI__0812064813_part-segmentation.blend","233593150","D11586ED5F885C8EA26E685FB5756DCEC2A57C3EBB51B6EA887699CF68177480","False","Use 4813 only as a visual split reference: its 20 generic objects do not establish a verified semantic body-versus-skid split. Rebuild semantic underbody groups and a genuinely separate skid; both segmentation alternates fail lineage to the coherent generate/texture branch."
"LB_C2040_CHASSIS_FRAME_UNDERBODY_INTAKE_V001","Cairnwell 2040 lower underbody and transport skid","lower stamped underbody/base kit carried on a separate skid-like base; not a complete BIW","PASS","REFERENCE_ONLY_RUNTIME_BLOCKED","texture","C:/Users/greg_/Downloads/Meshy_AI_Automotive_Chassis_Fr_0812064832_texture.blend","SourceAssets/Candidate/Vehicles/Cairnwell2040/ChassisFrameUnderbody_Intake_v001/Authority/BranchA_GenerateTexture/Meshy_AI_Automotive_Chassis_Fr_0812064832_texture.blend","273701815","D6F6668A8460457E4AC3D3B89E994A8E4FB003E46B5CB9EF6DE4B2B95D101D29","True","Use 4813 only as a visual split reference: its 20 generic objects do not establish a verified semantic body-versus-skid split. Rebuild semantic underbody groups and a genuinely separate skid; both segmentation alternates fail lineage to the coherent generate/texture branch."
"LB_C2040_FINISHED_VEHICLE_VISUAL_INTAKE_V001","Cairnwell 2040 finished crossover visual","complete finished crossover appearance reference; explicitly not a skid or BIW","PASS","REFERENCE_ONLY_RUNTIME_BLOCKED","generate","C:/Users/greg_/Downloads/Meshy_AI_Industrial_automotive_0812060952_generate.blend","SourceAssets/Candidate/Vehicles/Cairnwell2040/FinishedVehicleVisual_Intake_v001/Authority/GenerateTextureBranch/Meshy_AI_Industrial_automotive_0812060952_generate.blend","99311792","D08EB1DF7F43B26B087E1BA7D4D15BA094F56FAE8B029F385A41FFAE7CE83BAE","False","Use only as completed-vehicle visual reference; rebuild semantic optimized vehicle modules if gameplay requires a finished car."
"LB_C2040_FINISHED_VEHICLE_VISUAL_INTAKE_V001","Cairnwell 2040 finished crossover visual","complete finished crossover appearance reference; explicitly not a skid or BIW","PASS","REFERENCE_ONLY_RUNTIME_BLOCKED","part-segmentation","C:/Users/greg_/Downloads/Meshy_AI__0812061425_part-segmentation.blend","SourceAssets/Candidate/Vehicles/Cairnwell2040/FinishedVehicleVisual_Intake_v001/Authority/UnverifiedSegmentationBranch/Meshy_AI__0812061425_part-segmentation.blend","155645465","8C98C2362A092BAA874F6FF695496167A7264244A9C539AAA38040508D0EB422","False","Use only as completed-vehicle visual reference; rebuild semantic optimized vehicle modules if gameplay requires a finished car."
"LB_C2040_FINISHED_VEHICLE_VISUAL_INTAKE_V001","Cairnwell 2040 finished crossover visual","complete finished crossover appearance reference; explicitly not a skid or BIW","PASS","REFERENCE_ONLY_RUNTIME_BLOCKED","texture","C:/Users/greg_/Downloads/Meshy_AI_Industrial_automotive_0812061432_texture.blend","SourceAssets/Candidate/Vehicles/Cairnwell2040/FinishedVehicleVisual_Intake_v001/Authority/GenerateTextureBranch/Meshy_AI_Industrial_automotive_0812061432_texture.blend","178161842","8D7657CDD92C85CD734D42BCA468E4C32E7C95B415489727022FFF00CC3D5C5A","True","Use only as completed-vehicle visual reference; rebuild semantic optimized vehicle modules if gameplay requires a finished car."
"LB_PANEL_STILLAGE_THREE_HIGH_INTAKE_V001","Same-design empty/full three-high panel stillage","stackable panel stillage","PASS","REFERENCE_ONLY_RUNTIME_BLOCKED","generate","C:/Users/greg_/Downloads/Meshy_AI_Industrial_Adjustable_0812065855_generate.blend","SourceAssets/Candidate/WeldShop/PanelStillage_ThreeHigh_Intake_v001/Authority/GenerateTextureBranch/Meshy_AI_Industrial_Adjustable_0812065855_generate.blend","153184155","D17690B2EC50E143A251CDCFB3E59832DA216337542F9476C182A85991FBB709","False","Author one semantic stillage asset with payload state plus four top/bottom stack locators and validate three-high loaded physics."
"LB_PANEL_STILLAGE_THREE_HIGH_INTAKE_V001","Same-design empty/full three-high panel stillage","stackable panel stillage","PASS","REFERENCE_ONLY_RUNTIME_BLOCKED","part-segmentation","C:/Users/greg_/Downloads/Meshy_AI__0812065910_part-segmentation.blend","SourceAssets/Candidate/WeldShop/PanelStillage_ThreeHigh_Intake_v001/Authority/UnverifiedSegmentationBranch/Meshy_AI__0812065910_part-segmentation.blend","237679187","AECD47080780AE7E80CD452F6E8E12D0476E4F1CC41D1EB2998EE2F85E02BF69","False","Author one semantic stillage asset with payload state plus four top/bottom stack locators and validate three-high loaded physics."
"LB_PANEL_STILLAGE_THREE_HIGH_INTAKE_V001","Same-design empty/full three-high panel stillage","stackable panel stillage","PASS","REFERENCE_ONLY_RUNTIME_BLOCKED","texture","C:/Users/greg_/Downloads/Meshy_AI_Industrial_Adjustable_0812070022_texture.blend","SourceAssets/Candidate/WeldShop/PanelStillage_ThreeHigh_Intake_v001/Authority/GenerateTextureBranch/Meshy_AI_Industrial_Adjustable_0812070022_texture.blend","271187619","6443B6B34D104A65566E11B85656B00EFB5D2E30A895C9E5C074473802C12B8B","True","Author one semantic stillage asset with payload state plus four top/bottom stack locators and validate three-high loaded physics."
"LB_SPOT_C_GUN_INTAKE_V002","Standalone resistance spot-weld C-gun","standalone spot-weld C-gun tool","PASS","REFERENCE_ONLY_RUNTIME_BLOCKED","part-segmentation","C:/Users/greg_/Downloads/Meshy_AI__0812070354_part-segmentation.blend","SourceAssets/Candidate/WeldShop/SpotRobot_v002/Authorities/UnverifiedSegmentationBranch/Meshy_AI__0812070354_part-segmentation.blend","238579780","7FE66F32E6E987E87149330F0B08D652E0D222E3AFCAEB24A4B65C9585986F34","False","Build optimized replaceable C-gun with flange/electrode sockets and servo slide; retain current tested v001 tool until clearance gate passes."
"LB_SPOT_C_GUN_INTAKE_V002","Standalone resistance spot-weld C-gun","standalone spot-weld C-gun tool","PASS","REFERENCE_ONLY_RUNTIME_BLOCKED","texture","C:/Users/greg_/Downloads/Meshy_AI_Industrial_Spot_Weldi_0812070409_texture.blend","SourceAssets/Candidate/WeldShop/SpotRobot_v002/Authorities/TexturedBranch/Meshy_AI_Industrial_Spot_Weldi_0812070409_texture.blend","277472052","537F29C00318B4F7E641D88C9C53B391CC44371D418D13CDC1E4D28BB6F313DE","True","Build optimized replaceable C-gun with flange/electrode sockets and servo slide; retain current tested v001 tool until clearance gate passes."
"LB_VACUUM_PANEL_PICK_EOAT_INTAKE_V001","Universal vacuum panel-pick EOAT","standalone automotive panel-pick vacuum end-effector","CONCEPT_PASS_EXACT_BLOCKED","REFERENCE_ONLY_RUNTIME_BLOCKED","generate","C:/Users/greg_/Downloads/Meshy_AI_Industrial_Vacuum_Lif_0812065446_generate.blend","SourceAssets/Candidate/WeldShop/VacuumPanelPickEOAT_Intake_v001/Authority/GenerateTextureBranch/Meshy_AI_Industrial_Vacuum_Lif_0812065446_generate.blend","155425598","7CF63B8A1DB4B7A0BA9866DA421D150EB4E70988503A867138BE2E6158AA3087","False","Rebuild from six visible cups to the specified eight, with flange root, arm pivots, contact sockets, collision and LODs."
"LB_VACUUM_PANEL_PICK_EOAT_INTAKE_V001","Universal vacuum panel-pick EOAT","standalone automotive panel-pick vacuum end-effector","CONCEPT_PASS_EXACT_BLOCKED","REFERENCE_ONLY_RUNTIME_BLOCKED","part-segmentation","C:/Users/greg_/Downloads/Meshy_AI__0812065500_part-segmentation.blend","SourceAssets/Candidate/WeldShop/VacuumPanelPickEOAT_Intake_v001/Authority/UnverifiedSegmentationBranch/Meshy_AI__0812065500_part-segmentation.blend","234658329","2DACE09B2C2B2320B6552026A7F2EA7EDC2C9AD0CB34E59A89B5961CB9DA9EFB","False","Rebuild from six visible cups to the specified eight, with flange root, arm pivots, contact sockets, collision and LODs."
"LB_VACUUM_PANEL_PICK_EOAT_INTAKE_V001","Universal vacuum panel-pick EOAT","standalone automotive panel-pick vacuum end-effector","CONCEPT_PASS_EXACT_BLOCKED","REFERENCE_ONLY_RUNTIME_BLOCKED","texture","C:/Users/greg_/Downloads/Meshy_AI_Industrial_Vacuum_Lif_0812065509_texture.blend","SourceAssets/Candidate/WeldShop/VacuumPanelPickEOAT_Intake_v001/Authority/GenerateTextureBranch/Meshy_AI_Industrial_Vacuum_Lif_0812065509_texture.blend","276481617","2AD0E53C1A65EF4F881858A47F68C180B2DE310762A06E1C3FB438535667F064","True","Rebuild from six visible cups to the specified eight, with flange root, arm pivots, contact sockets, collision and LODs."
"LB_VISION_QUALITY_GATE_INTAKE_V001","Body geometry and quality inspection gate","drive-through BIW vision/metrology gate","PASS","REFERENCE_ONLY_RUNTIME_BLOCKED","generate","C:/Users/greg_/Downloads/Meshy_AI_Industrial_Vision_Gat_0812065048_generate.blend","SourceAssets/Candidate/WeldShop/VisionQualityGate_Intake_v001/Authority/GenerateTextureBranch/Meshy_AI_Industrial_Vision_Gat_0812065048_generate.blend","153952850","1AF303200B02F439529117FD545BC4023AFA0FCBB26484493D5E7633CA55238E","False","Modular rebuild at approved 4.5 x 1.2 x 3.2 m envelope with aimed scanner heads and gameplay trigger."
"LB_VISION_QUALITY_GATE_INTAKE_V001","Body geometry and quality inspection gate","drive-through BIW vision/metrology gate","PASS","REFERENCE_ONLY_RUNTIME_BLOCKED","part-segmentation","C:/Users/greg_/Downloads/Meshy_AI__0812065058_part-segmentation.blend","SourceAssets/Candidate/WeldShop/VisionQualityGate_Intake_v001/Authority/UnverifiedSegmentationBranch/Meshy_AI__0812065058_part-segmentation.blend","232102457","BF97A4D829CE9C686DFD9CAA8A945459EF86CA80BE28E2EF7E7FE2CE5EFC708D","False","Modular rebuild at approved 4.5 x 1.2 x 3.2 m envelope with aimed scanner heads and gameplay trigger."
"LB_VISION_QUALITY_GATE_INTAKE_V001","Body geometry and quality inspection gate","drive-through BIW vision/metrology gate","PASS","REFERENCE_ONLY_RUNTIME_BLOCKED","texture","C:/Users/greg_/Downloads/Meshy_AI_Industrial_Vision_Gat_0812065138_texture.blend","SourceAssets/Candidate/WeldShop/VisionQualityGate_Intake_v001/Authority/GenerateTextureBranch/Meshy_AI_Industrial_Vision_Gat_0812065138_texture.blend","273679749","31C592800E448018E7388F089AFE73FFC7456B34982F3C0A03CFB3BB678EC254","True","Modular rebuild at approved 4.5 x 1.2 x 3.2 m envelope with aimed scanner heads and gameplay trigger."
