"sha256","group_file_count","bytes_per_copy","potential_duplicate_bytes_beyond_one_copy","relative_path"
"0227029195ECA0E0850FCD7F1D151EC7F85AC4FF6476D48A93B92C2D12E5804E","2","3307","3307","Reference/PressShop/RemainingMachineryPack_v1.0/CAIRNWELL_PRESS_SHOP_REMAINING_MACHINERY_PACK_v1.0/data/fault_matrix.csv"
"0227029195ECA0E0850FCD7F1D151EC7F85AC4FF6476D48A93B92C2D12E5804E","2","3307","3307","ReferencePacks/CAIRNWELL_PRESS_SHOP_REMAINING_MACHINERY_PACK_v1.0/data/fault_matrix.csv"
"02A1C086A30DEBA0933354CA23AD156A9353F94D46B311268E335DB8D76244B1","2","771","771","Reference/PressShop/RemainingMachineryPack_v1.0/CAIRNWELL_PRESS_SHOP_REMAINING_MACHINERY_PACK_v1.0/data/station_dimensions_and_datums.csv"
"02A1C086A30DEBA0933354CA23AD156A9353F94D46B311268E335DB8D76244B1","2","771","771","ReferencePacks/CAIRNWELL_PRESS_SHOP_REMAINING_MACHINERY_PACK_v1.0/data/station_dimensions_and_datums.csv"
"02F94BDA43EA8AA4C63880F3C2D9BF1C2AC5A638471946C71247A1D297E4FCAA","2","103357","103357","Candidate/PressTrains/Shared/MeshyIsolatedIntake_v625/Generated/Meshy6_v646/06_FixedSafetyFence/Original/left.png"
"02F94BDA43EA8AA4C63880F3C2D9BF1C2AC5A638471946C71247A1D297E4FCAA","2","103357","103357","Candidate/PressTrains/Shared/MeshyIsolatedIntake_v625/Prepared/Meshy6Views_v645/06_FixedSafetyFence/left.png"
"0582E38F1AF7CB2753E535CA211286E195E76A8CB052EC5C377BD5C0879145F7","2","5959","5959","Candidate/PressTrains/TrainA/Meshy6SupportingSystemsProduction_v638/04_S05SlugCollectionSystem/task_complete.json"
"0582E38F1AF7CB2753E535CA211286E195E76A8CB052EC5C377BD5C0879145F7","2","5959","5959","Candidate/PressTrains/TrainA/Meshy6SupportingSystemsProduction_v638/04_S05SlugCollectionSystem/task_latest.json"
"05A256952F91BE40DFD54DBC418B4C85B9E264D215EC7DBDD3798206347682F3","2","381425","381425","Candidate/PressTrains/Shared/MeshyIsolatedIntake_v625/Generated/Meshy6_v646/04_LeftAccessDoor/Original/front.png"
"05A256952F91BE40DFD54DBC418B4C85B9E264D215EC7DBDD3798206347682F3","2","381425","381425","Candidate/PressTrains/Shared/MeshyIsolatedIntake_v625/Prepared/Meshy6Views_v645/04_LeftAccessDoor/front.png"
"060F531E06F583575A8C5E1DB2895317E0ED0C00D9692DC981F6777C79CFFC06","2","584121","584121","Candidate/PressTrains/TrainA/Meshy6SupportingSystemsProduction_v638/02_InterPressTransferSystem/Original/right.png"
"060F531E06F583575A8C5E1DB2895317E0ED0C00D9692DC981F6777C79CFFC06","2","584121","584121","Candidate/PressTrains/TrainA/MeshySupportingSystemsReferences_v634/Asset02_InterPressTransferSystem/right.png"
"0821F386777F21374F2DD99363608AE6C47E31C508FB1D140AED2BFDC1B35F46","2","1069560","1069560","Candidate/PressShop/BlankStackAGV/EngineeringCandidate_v20260809_v824/Review/02_AGV_Loaded_Hero_v824.png"
"0821F386777F21374F2DD99363608AE6C47E31C508FB1D140AED2BFDC1B35F46","2","1069560","1069560","Candidate/UI/ProductionFlowThumbnails_v001/Authority/02_BlankBuffer_authority.png"
"0853CA0E3EDA05AC01B41781FE98FA00515FFF366329770A60BEE690AF226646","2","218444","218444","Candidate/PressTrains/Shared/MeshyIsolatedIntake_v625/Generated/Meshy6_v646/09_OperatorHMI/Original/rear.png"
"0853CA0E3EDA05AC01B41781FE98FA00515FFF366329770A60BEE690AF226646","2","218444","218444","Candidate/PressTrains/Shared/MeshyIsolatedIntake_v625/Prepared/Meshy6Views_v645/09_OperatorHMI/rear.png"
"09D05D0BDA0EBBED10182A225C7171A1FD79F0DA600FC90AF0B8A86C202D9B28","2","1288837","1288837","Reference/PressShop/RemainingMachineryPack_v1.0/CAIRNWELL_PRESS_SHOP_REMAINING_MACHINERY_PACK_v1.0/visuals/SHEET_07_PRESS_TRAIN_C_4K.png"
"09D05D0BDA0EBBED10182A225C7171A1FD79F0DA600FC90AF0B8A86C202D9B28","2","1288837","1288837","ReferencePacks/CAIRNWELL_PRESS_SHOP_REMAINING_MACHINERY_PACK_v1.0/visuals/SHEET_07_PRESS_TRAIN_C_4K.png"
"0D72D6EEB4952674EA5EAF9E1951F50A12F3C059E10DCBFA5F42AFE96C1B63E8","2","745728","745728","Candidate/PressTrains/TrainA/Meshy6SupportingSystemsProduction_v638/02_InterPressTransferSystem/Original/rear.png"
"0D72D6EEB4952674EA5EAF9E1951F50A12F3C059E10DCBFA5F42AFE96C1B63E8","2","745728","745728","Candidate/PressTrains/TrainA/MeshySupportingSystemsReferences_v634/Asset02_InterPressTransferSystem/rear.png"
"0D9FED3CDEF6618F1D0EF1F7BD9883E4D2BECA6C52094E216B6D52CD9E1068C3","2","78543200","78543200","Candidate/PressTrains/Shared/UserApprovedS03Walker_v20260809_v001/HighResolutionRuntime_v957/Cairnwell_S03_Walker_HighResolution_v957.glb"
"0D9FED3CDEF6618F1D0EF1F7BD9883E4D2BECA6C52094E216B6D52CD9E1068C3","2","78543200","78543200","Candidate/PressTrains/Shared/UserApprovedS03Walker_v20260809_v001/Original/Meshy_AI_Cairnwell_S03_Walker_0808080548_texture_original.glb"
"0ED4F14FFE71FB66BAC24F9F6B33496B7CB41EFC5005CB016AAEFAE456D6F1A1","2","5959","5959","Candidate/PressTrains/Shared/MeshyIsolatedIntake_v625/Generated/Meshy6_v646/10_FlywheelHousing/task_complete.json"
"0ED4F14FFE71FB66BAC24F9F6B33496B7CB41EFC5005CB016AAEFAE456D6F1A1","2","5959","5959","Candidate/PressTrains/Shared/MeshyIsolatedIntake_v625/Generated/Meshy6_v646/10_FlywheelHousing/task_latest.json"
"0F502C8EDEDAD717744442ED60235F80EF9AE689EC4614E988EF2E79D1406C8B","2","517966","517966","Candidate/PressTrains/TrainA/Meshy6SupportingSystemsProduction_v638/03_S04TrimScrapSystem/Original/left.png"
"0F502C8EDEDAD717744442ED60235F80EF9AE689EC4614E988EF2E79D1406C8B","2","517966","517966","Candidate/PressTrains/TrainA/MeshySupportingSystemsReferences_v634/Asset03_S04TrimScrapSystem/left.png"
"105B6FD207D6FB96F8FB27D82093ED520C2CCF4841B5DCD6754E034AD04047F4","2","127745","127745","Candidate/PressTrains/Shared/MeshyIsolatedIntake_v625/Generated/Meshy6_v646/07_InterlockedGate/Original/left.png"
"105B6FD207D6FB96F8FB27D82093ED520C2CCF4841B5DCD6754E034AD04047F4","2","127745","127745","Candidate/PressTrains/Shared/MeshyIsolatedIntake_v625/Prepared/Meshy6Views_v645/07_InterlockedGate/left.png"
"133D16039E55F5A50225740D1C46B2E9400EA1D6DB22DBC9E9682F67CB54553A","2","2418","2418","Robots/LB_MR01_MaintenanceRobot/Validation/Candidate_v005/LB_MR01_Phase2_Dimensions_v005.json"
"133D16039E55F5A50225740D1C46B2E9400EA1D6DB22DBC9E9682F67CB54553A","2","2418","2418","Robots/LB_MR01_MaintenanceRobot/Validation/Candidate_v006/LB_MR01_Phase2_Dimensions_v006.json"
"145883A623918DB207FDF7F69E3F817F3DFBDBDB9EE1300DD27F07EA008474E6","2","128042","128042","Candidate/PressTrains/Shared/MeshyIsolatedIntake_v625/Generated/Meshy6_v646/08_ElectricalCabinet/Original/right.png"
"145883A623918DB207FDF7F69E3F817F3DFBDBDB9EE1300DD27F07EA008474E6","2","128042","128042","Candidate/PressTrains/Shared/MeshyIsolatedIntake_v625/Prepared/Meshy6Views_v645/08_ElectricalCabinet/right.png"
"16A578833F847F5730AF46E0B6F137707701D854F1602302978FE50AD5047C5F","2","96044","96044","Candidate/PressTrains/TrainA/Audio_v001/PTA_ControlledStop_v001.wav"
"16A578833F847F5730AF46E0B6F137707701D854F1602302978FE50AD5047C5F","2","96044","96044","Candidate/PressTrains/TrainA/Audio_v002/PTA_ControlledStop_v002.wav"
"16AA512ED13590E81C48BBA24C915AF064FFFEF078A656AF4A5879331D06936B","2","1138839","1138839","Candidate/UI/ProductionFlowThumbnails_v001/Authority/05_BodyWeld_authority.png"
"16AA512ED13590E81C48BBA24C915AF064FFFEF078A656AF4A5879331D06936B","2","1138839","1138839","Candidate/WeldShop/WeldRobotRuntime_v001/Renders/WeldRobot_SPOT_LOD0_inspected.png"
"17A630560088DCC239F2C4626B68C7010E5946466C21D52895540D3C217AB674","2","272995","272995","Candidate/PressTrains/TrainA/Meshy6SupportingSystemsProduction_v641/05_FlatPanelStillage/Original/left.png"
"17A630560088DCC239F2C4626B68C7010E5946466C21D52895540D3C217AB674","2","272995","272995","Candidate/PressTrains/TrainA/MeshySupportingSystemsReferences_v634/Asset09C_FlatStillage/left.png"
"18CF4EFAC443E9A571A2628C25B7ADEACC1B80233E6A8312190F70E0D8E867CC","2","221","221","PR009/AutomatedBlankStacker/Candidate_v001/PR009_Audits/blender_build_v001.stderr.log"
"18CF4EFAC443E9A571A2628C25B7ADEACC1B80233E6A8312190F70E0D8E867CC","2","221","221","PR009/AutomatedBlankStacker/Candidate_v001/PR009_Audits/blender_reproducibility_v001.stderr.log"
"197A23EB3EE65EDA0B1A876818EEE749E04AD878362E87B6951ABF9073792720","2","145432","145432","Candidate/PressTrains/Shared/MeshyIsolatedIntake_v625/Generated/Meshy6_v646/05_RightAccessDoor/Original/left.png"
"197A23EB3EE65EDA0B1A876818EEE749E04AD878362E87B6951ABF9073792720","2","145432","145432","Candidate/PressTrains/Shared/MeshyIsolatedIntake_v625/Prepared/Meshy6Views_v645/05_RightAccessDoor/left.png"
"1B296FA70E1CFCCD744952335D2F2B547C50B8F1AA9ED7EC76E559C56A62CD68","2","130751","130751","Candidate/PressTrains/Shared/MeshyIsolatedIntake_v625/Generated/Meshy6_v646/08_ElectricalCabinet/Original/left.png"
"1B296FA70E1CFCCD744952335D2F2B547C50B8F1AA9ED7EC76E559C56A62CD68","2","130751","130751","Candidate/PressTrains/Shared/MeshyIsolatedIntake_v625/Prepared/Meshy6Views_v645/08_ElectricalCabinet/left.png"
"1C0EC5C25464ADB37578A42566804D62175547E7EA313FE8D4898F58E6C74FCD","2","227261","227261","Candidate/PressTrains/TrainA/Meshy6SupportingSystemsProduction_v641/04_SmallSlugBin/Original/front.png"
"1C0EC5C25464ADB37578A42566804D62175547E7EA313FE8D4898F58E6C74FCD","2","227261","227261","Candidate/PressTrains/TrainA/MeshySupportingSystemsReferences_v634/Asset09B_SmallStillage/front.png"
"1CB304DFFE1B082292379A70CC0540FD2DBF87E98EEAD22EA5BE20670B1BA4C1","2","1291747","1291747","Reference/PressShop/RemainingMachineryPack_v1.0/CAIRNWELL_PRESS_SHOP_REMAINING_MACHINERY_PACK_v1.0/visuals/SHEET_05_PRESS_TRAIN_A_4K.png"
"1CB304DFFE1B082292379A70CC0540FD2DBF87E98EEAD22EA5BE20670B1BA4C1","2","1291747","1291747","ReferencePacks/CAIRNWELL_PRESS_SHOP_REMAINING_MACHINERY_PACK_v1.0/visuals/SHEET_05_PRESS_TRAIN_A_4K.png"
"1F3A5EE53285EA4B7F495F81F9FDB629BAC100F5AECBA8361739FE6D996BEE39","2","764764","764764","Candidate/PressTrains/TrainA/Meshy6SupportingSystemsProduction_v638/04_S05SlugCollectionSystem/Original/front.png"
"1F3A5EE53285EA4B7F495F81F9FDB629BAC100F5AECBA8361739FE6D996BEE39","2","764764","764764","Candidate/PressTrains/TrainA/MeshySupportingSystemsReferences_v634/Asset04_S05SlugCollectionSystem/front.png"
"2119A210FFAAD42A255D93DF32FE745264F3C1B1A104B41CF38D2FF8563F34FE","2","418912","418912","Candidate/PressTrains/TrainA/Meshy6SupportingSystemsProduction_v641/03_LargeTrimScrapBin/Original/rear.png"
"2119A210FFAAD42A255D93DF32FE745264F3C1B1A104B41CF38D2FF8563F34FE","2","418912","418912","Candidate/PressTrains/TrainA/MeshySupportingSystemsReferences_v634/Asset09A_LargeStillage/rear.png"
"22299C133D03151B56E161B84CA45F43FD6C03EC9D73AE925D3D23920F8AA75C","2","54133","54133","PR009/AutomatedBlankStacker/Candidate_v002/PR009_Audits/v002/PR009_FBX_EXPORT_MANIFEST_v002.json"
"22299C133D03151B56E161B84CA45F43FD6C03EC9D73AE925D3D23920F8AA75C","2","54133","54133","PR009/AutomatedBlankStacker/Candidate_v002/PR009_Audits/v002/repro_build_a_export_manifest.tmp.json"
"2347A8726386D849ED0679A3FDFD16AB10EED6E67D5E3288EDC9C3B95B5E35F8","2","832673","832673","Candidate/PressTrains/TrainA/Meshy6SupportingSystemsProduction_v638/01_S01DestackBlankFeed/Original/front.png"
"2347A8726386D849ED0679A3FDFD16AB10EED6E67D5E3288EDC9C3B95B5E35F8","2","832673","832673","Candidate/PressTrains/TrainA/MeshySupportingSystemsReferences_v634/Asset01_S01DestackBlankFeed/front.png"
"241A9EAF971543E72C5297145E619FFC3DF4641E6FF2D4951B101AC985A36579","4","4427","13281","ControlRoom/MainControlRoom_v004/documentation/material_schedule.json"
"241A9EAF971543E72C5297145E619FFC3DF4641E6FF2D4951B101AC985A36579","4","4427","13281","ControlRoom/MainControlRoom_v005/documentation/material_schedule.json"
"241A9EAF971543E72C5297145E619FFC3DF4641E6FF2D4951B101AC985A36579","4","4427","13281","ControlRoom/MainControlRoom_v006/documentation/material_schedule.json"
"241A9EAF971543E72C5297145E619FFC3DF4641E6FF2D4951B101AC985A36579","4","4427","13281","ControlRoom/MainControlRoom_v034/documentation/material_schedule.json"
"262DFB6476AE182D93C4732BFEBBA7D0FB75621567B7BF0473027DE7F8F8FA8F","2","654275","654275","Candidate/PressTrains/TrainA/Meshy6SupportingSystemsProduction_v638/04_S05SlugCollectionSystem/Original/left.png"
"262DFB6476AE182D93C4732BFEBBA7D0FB75621567B7BF0473027DE7F8F8FA8F","2","654275","654275","Candidate/PressTrains/TrainA/MeshySupportingSystemsReferences_v634/Asset04_S05SlugCollectionSystem/left.png"
"27260A896D37A331223C8BC961711C68136FFDCF3CA63C671A0EA3FBA98F2685","2","825826","825826","Candidate/PressTrains/TrainA/Meshy6SupportingSystemsProduction_v641/02_HydraulicPowerUnit/Original/rear.png"
"27260A896D37A331223C8BC961711C68136FFDCF3CA63C671A0EA3FBA98F2685","2","825826","825826","Candidate/PressTrains/TrainA/MeshySupportingSystemsReferences_v634/Asset07_HydraulicPowerUnit/rear.png"
"27EC69F625380A95EF975F197944F4898B5539CEC8A87A7521A891F308572561","2","2504240","2504240","ReferencePacks/LB_CR01_SHARED_ROBOT_PLATFORM_BUILD_PACK_v1.0/references/Press_Shop_revised_master_plan.png"
"27EC69F625380A95EF975F197944F4898B5539CEC8A87A7521A891F308572561","2","2504240","2504240","ReferencePacks/LB_MR01_SHARED_PLATFORM_BUILD_PACK_v1.0/references/Press_Shop_revised_master_plan.png"
"2C47869F09F76EFABA767E55869CDA3DB707D2AD4536219648513D40D94503A7","2","297345","297345","Candidate/PressTrains/Shared/MeshyIsolatedIntake_v625/Generated/Meshy6_v646/03_LowerDie/Original/right.png"
"2C47869F09F76EFABA767E55869CDA3DB707D2AD4536219648513D40D94503A7","2","297345","297345","Candidate/PressTrains/Shared/MeshyIsolatedIntake_v625/Prepared/Meshy6Views_v645/03_LowerDie/right.png"
"2DA9EF65379884CEBCADC7ABE25E3E4559F710CE62AC5B6DB1EAC19D56130B6F","2","3172","3172","Reference/PressShop/RemainingMachineryPack_v1.0/CAIRNWELL_PRESS_SHOP_REMAINING_MACHINERY_PACK_v1.0/PACK_MANIFEST_SHA256.csv"
"2DA9EF65379884CEBCADC7ABE25E3E4559F710CE62AC5B6DB1EAC19D56130B6F","2","3172","3172","ReferencePacks/CAIRNWELL_PRESS_SHOP_REMAINING_MACHINERY_PACK_v1.0/PACK_MANIFEST_SHA256.csv"
"2E3203A238C78C8F1492F034E942E9DEF18E10B3C8DF42ED05C179ADC71C3A52","2","1299784","1299784","Reference/PressShop/RemainingMachineryPack_v1.0/CAIRNWELL_PRESS_SHOP_REMAINING_MACHINERY_PACK_v1.0/visuals/SHEET_08_PRESS_TRAIN_D_4K.png"
"2E3203A238C78C8F1492F034E942E9DEF18E10B3C8DF42ED05C179ADC71C3A52","2","1299784","1299784","ReferencePacks/CAIRNWELL_PRESS_SHOP_REMAINING_MACHINERY_PACK_v1.0/visuals/SHEET_08_PRESS_TRAIN_D_4K.png"
"2F0EFDA8FDE0800E8F209AA2E49788A7798309E5CA2FBA4DDA0134B8C863496F","2","420466","420466","Candidate/PressTrains/Shared/MeshyIsolatedIntake_v625/Generated/Meshy6_v646/06_FixedSafetyFence/Original/front.png"
"2F0EFDA8FDE0800E8F209AA2E49788A7798309E5CA2FBA4DDA0134B8C863496F","2","420466","420466","Candidate/PressTrains/Shared/MeshyIsolatedIntake_v625/Prepared/Meshy6Views_v645/06_FixedSafetyFence/front.png"
"2F1BE31BCABD677FBED92F91C199E6ABE8288BEA8A621EF563D051B432D4B7F6","5","640","2560","SharedSystems/CleaningAMR/Candidate_v010/validation.json"
"2F1BE31BCABD677FBED92F91C199E6ABE8288BEA8A621EF563D051B432D4B7F6","5","640","2560","SharedSystems/CleaningAMR/Candidate_v011/dimension_validation.json"
"2F1BE31BCABD677FBED92F91C199E6ABE8288BEA8A621EF563D051B432D4B7F6","5","640","2560","SharedSystems/CleaningAMR/Candidate_v012/dimension_validation.json"
"2F1BE31BCABD677FBED92F91C199E6ABE8288BEA8A621EF563D051B432D4B7F6","5","640","2560","SharedSystems/CleaningAMR/Candidate_v013/dimension_validation.json"
"2F1BE31BCABD677FBED92F91C199E6ABE8288BEA8A621EF563D051B432D4B7F6","5","640","2560","SharedSystems/CleaningAMR/Candidate_v014/dimension_validation.json"
"2F3C3EAE6002026E23B26B61A0111A841C37A655AEE96D42737F48613244ECF8","2","5959","5959","Candidate/PressTrains/Shared/MeshyIsolatedIntake_v625/Generated/Meshy6_v646/04_LeftAccessDoor/task_complete.json"
"2F3C3EAE6002026E23B26B61A0111A841C37A655AEE96D42737F48613244ECF8","2","5959","5959","Candidate/PressTrains/Shared/MeshyIsolatedIntake_v625/Generated/Meshy6_v646/04_LeftAccessDoor/task_latest.json"
"2FDB70BDCC316CF9D69373CB7BE7B397C8A29959AE018AB3EFDAF2619E7784E7","2","517455","517455","Candidate/PressTrains/TrainA/Meshy6SupportingSystemsProduction_v641/01_DieChangeCart/Original/left.png"
"2FDB70BDCC316CF9D69373CB7BE7B397C8A29959AE018AB3EFDAF2619E7784E7","2","517455","517455","Candidate/PressTrains/TrainA/MeshySupportingSystemsReferences_v634/Asset06_DieChangeCart/left.png"
"30A99AD58AF6CC3FF319D16EF69630AFFDE08756CBB5844BF0CB34FC0827B880","2","445999","445999","Candidate/PressTrains/Shared/MeshyIsolatedIntake_v625/Generated/Meshy6_v646/10_FlywheelHousing/Original/front.png"
"30A99AD58AF6CC3FF319D16EF69630AFFDE08756CBB5844BF0CB34FC0827B880","2","445999","445999","Candidate/PressTrains/Shared/MeshyIsolatedIntake_v625/Prepared/Meshy6Views_v645/10_FlywheelHousing/front.png"
"30BDA9E91870FDC686FFB62CDC7A274BFB9B4C4456C41980A6B576499F1798B5","2","587910","587910","Candidate/PressTrains/TrainA/Meshy6SupportingSystemsProduction_v638/02_InterPressTransferSystem/Original/left.png"
"30BDA9E91870FDC686FFB62CDC7A274BFB9B4C4456C41980A6B576499F1798B5","2","587910","587910","Candidate/PressTrains/TrainA/MeshySupportingSystemsReferences_v634/Asset02_InterPressTransferSystem/left.png"
"32780226C8F512B680EBF24A0DF66D498754314E533DC23EED7B538EB5BB4095","2","558329","558329","Candidate/PressTrains/TrainA/Meshy6SupportingSystemsProduction_v641/01_DieChangeCart/Original/front.png"
"32780226C8F512B680EBF24A0DF66D498754314E533DC23EED7B538EB5BB4095","2","558329","558329","Candidate/PressTrains/TrainA/MeshySupportingSystemsReferences_v634/Asset06_DieChangeCart/front.png"
"3329155A53A8878679D11443C357E55A73C58C3A9643A04AC88D78B292E61C48","2","134444","134444","Candidate/PressTrains/TrainA/Audio_v001/PTA_EmergencyStop_v001.wav"
"3329155A53A8878679D11443C357E55A73C58C3A9643A04AC88D78B292E61C48","2","134444","134444","Candidate/PressTrains/TrainA/Audio_v002/PTA_EmergencyStop_v002.wav"
"350FA7C43719A21467C81E59BD7F544FAD4BA79FAD7FC0D78E268EC1E6464CAD","2","9449","9449","Shared/HMI/v003_ue001/SM_LB_HMI_CabinetBody.fbm/PR005_HMI_brushed_stainless_cabinet_Hairline"
"350FA7C43719A21467C81E59BD7F544FAD4BA79FAD7FC0D78E268EC1E6464CAD","2","9449","9449","Shared/HMI/v003_ue001/SM_LB_HMI_RearServiceDoor.fbm/PR005_HMI_brushed_stainless_cabinet_Hairline"
"3514536835E84047A0EA80368C3C487FD151629D95F5CB6A44E60B4D1ECD6B8E","2","476036","476036","Candidate/PressTrains/Shared/MeshyIsolatedIntake_v625/Generated/Meshy6_v646/11_FlywheelRotorShaft/Original/left.png"
"3514536835E84047A0EA80368C3C487FD151629D95F5CB6A44E60B4D1ECD6B8E","2","476036","476036","Candidate/PressTrains/Shared/MeshyIsolatedIntake_v625/Prepared/Meshy6Views_v645/11_FlywheelRotorShaft/left.png"
"362D71A6A2FD17073DED059DDDD44E3D391EDA717C10503EFD5D94C8810AFE7B","4","5503","16509","Robots/LB_MR01_MaintenanceRobot/Validation/Candidate_v009/LB_MR01_Phase3_Hierarchy_v009.json"
"362D71A6A2FD17073DED059DDDD44E3D391EDA717C10503EFD5D94C8810AFE7B","4","5503","16509","Robots/LB_MR01_MaintenanceRobot/Validation/Candidate_v010/LB_MR01_Phase3_Hierarchy_v010.json"
"362D71A6A2FD17073DED059DDDD44E3D391EDA717C10503EFD5D94C8810AFE7B","4","5503","16509","Robots/LB_MR01_MaintenanceRobot/Validation/Candidate_v011/LB_MR01_Phase3_Hierarchy_v011.json"
"362D71A6A2FD17073DED059DDDD44E3D391EDA717C10503EFD5D94C8810AFE7B","4","5503","16509","Robots/LB_MR01_MaintenanceRobot/Validation/Candidate_v012/LB_MR01_Phase3_Hierarchy_v012.json"
"3A4595099CF5EF9DF03C14C4D26D6A70FF305B0105EF35E6A0EA113FC2224905","2","266022","266022","Candidate/PressTrains/TrainA/Meshy6SupportingSystemsProduction_v641/05_FlatPanelStillage/Original/rear.png"
"3A4595099CF5EF9DF03C14C4D26D6A70FF305B0105EF35E6A0EA113FC2224905","2","266022","266022","Candidate/PressTrains/TrainA/MeshySupportingSystemsReferences_v634/Asset09C_FlatStillage/rear.png"
"3A7C87170DD94890153776AB873F3D9BF7235DA967A7613ACC8187E75B593993","2","410890","410890","Candidate/PressTrains/TrainA/Meshy6SupportingSystemsProduction_v641/06_PoweredRollerConveyor/Original/left.png"
"3A7C87170DD94890153776AB873F3D9BF7235DA967A7613ACC8187E75B593993","2","410890","410890","Candidate/PressTrains/TrainA/MeshySupportingSystemsReferences_v634/Asset10_PoweredRollerConveyor/left.png"
"3A8BF69E17CFBCDE490F014F44BD5C5B6B7D296C917B9D2B70CA8D7CC1E403F7","2","92985","92985","Candidate/PressTrains/Shared/MeshyIsolatedIntake_v625/Generated/Meshy6_v646/09_OperatorHMI/Original/left.png"
"3A8BF69E17CFBCDE490F014F44BD5C5B6B7D296C917B9D2B70CA8D7CC1E403F7","2","92985","92985","Candidate/PressTrains/Shared/MeshyIsolatedIntake_v625/Prepared/Meshy6Views_v645/09_OperatorHMI/left.png"
"3AFBB4375D0F2F6BFAC31C7ADF35D89A31CA743EFCEC42E13ABD3E372F3C9B8D","2","5959","5959","Candidate/PressTrains/Shared/MeshyIsolatedIntake_v625/Generated/Meshy6_v646/08_ElectricalCabinet/task_complete.json"
"3AFBB4375D0F2F6BFAC31C7ADF35D89A31CA743EFCEC42E13ABD3E372F3C9B8D","2","5959","5959","Candidate/PressTrains/Shared/MeshyIsolatedIntake_v625/Generated/Meshy6_v646/08_ElectricalCabinet/task_latest.json"
"3BEED4401FDB7F9FD57A2C10E719BACC0CDBF91720530E3BD59166015019B9E9","2","10028","10028","Reference/PressShop/RemainingMachineryPack_v1.0/CAIRNWELL_PRESS_SHOP_REMAINING_MACHINERY_PACK_v1.0/data/unreal_asset_manifest.csv"
"3BEED4401FDB7F9FD57A2C10E719BACC0CDBF91720530E3BD59166015019B9E9","2","10028","10028","ReferencePacks/CAIRNWELL_PRESS_SHOP_REMAINING_MACHINERY_PACK_v1.0/data/unreal_asset_manifest.csv"
"3C05B09F1335BB8A267497215A45F70E9336C4BF2668D0BD1B3BCE8887F81D66","2","2522590","2522590","ReferencePacks/LB_CR01_SHARED_ROBOT_PLATFORM_BUILD_PACK_v1.0/references/LB_CR01_design_sheet.png"
"3C05B09F1335BB8A267497215A45F70E9336C4BF2668D0BD1B3BCE8887F81D66","2","2522590","2522590","ReferencePacks/LB_MR01_SHARED_PLATFORM_BUILD_PACK_v1.0/references/LB_CR01_design_sheet.png"
"3D37D19DCBE4BDB5D30D6FA58F7E4C60D2654BAEB36057E6DBF46BB4FFC43008","2","1633656","1633656","Reference/PressShop/RemainingMachineryPack_v1.0/CAIRNWELL_PRESS_SHOP_REMAINING_MACHINERY_PACK_v1.0/visuals/SHEET_02_PR009_ENGINEERING_REFERENCE_4K.png"
"3D37D19DCBE4BDB5D30D6FA58F7E4C60D2654BAEB36057E6DBF46BB4FFC43008","2","1633656","1633656","ReferencePacks/CAIRNWELL_PRESS_SHOP_REMAINING_MACHINERY_PACK_v1.0/visuals/SHEET_02_PR009_ENGINEERING_REFERENCE_4K.png"
"3FDA35ABFAB3CB5FC3370BA42F070A42C5D44B65349AB35A2B0C18DA6E00648F","2","5959","5959","Candidate/PressTrains/Shared/MeshyIsolatedIntake_v625/Generated/Meshy6_v646/05_RightAccessDoor/task_complete.json"
"3FDA35ABFAB3CB5FC3370BA42F070A42C5D44B65349AB35A2B0C18DA6E00648F","2","5959","5959","Candidate/PressTrains/Shared/MeshyIsolatedIntake_v625/Generated/Meshy6_v646/05_RightAccessDoor/task_latest.json"
"40C8A07311CAAE4E8BA0E7E8D9CB7098FB9278588FEB8ECD49D2FBD0D84D177C","2","104366","104366","Candidate/PressTrains/Shared/MeshyIsolatedIntake_v625/Generated/Meshy6_v646/06_FixedSafetyFence/Original/right.png"
"40C8A07311CAAE4E8BA0E7E8D9CB7098FB9278588FEB8ECD49D2FBD0D84D177C","2","104366","104366","Candidate/PressTrains/Shared/MeshyIsolatedIntake_v625/Prepared/Meshy6Views_v645/06_FixedSafetyFence/right.png"
"43F34EABADC8D6130CA430A10EF4F844D1AB389C861595B856F0F8B9ABF81724","2","687363","687363","Candidate/PressTrains/Shared/MeshyIsolatedIntake_v625/Generated/Meshy6_v646/11_FlywheelRotorShaft/Original/front.png"
"43F34EABADC8D6130CA430A10EF4F844D1AB389C861595B856F0F8B9ABF81724","2","687363","687363","Candidate/PressTrains/Shared/MeshyIsolatedIntake_v625/Prepared/Meshy6Views_v645/11_FlywheelRotorShaft/front.png"
"44B9E67E1CFB009CF471C232E48B12C1126B1ECF1E8AA1101477923CC206C990","2","5959","5959","Candidate/PressTrains/TrainA/Meshy6SupportingSystemsProduction_v641/04_SmallSlugBin/task_complete.json"
"44B9E67E1CFB009CF471C232E48B12C1126B1ECF1E8AA1101477923CC206C990","2","5959","5959","Candidate/PressTrains/TrainA/Meshy6SupportingSystemsProduction_v641/04_SmallSlugBin/task_latest.json"
"48E27EAE3BA1A9D8BC516F3B6480E3B1AEAA3024CE9CB2047AD2A14E34582D6F","2","1944","1944","Reference/PressShop/RemainingMachineryPack_v1.0/CAIRNWELL_PRESS_SHOP_REMAINING_MACHINERY_PACK_v1.0/docs/CODEX_BUILD_PROMPT.md"
"48E27EAE3BA1A9D8BC516F3B6480E3B1AEAA3024CE9CB2047AD2A14E34582D6F","2","1944","1944","ReferencePacks/CAIRNWELL_PRESS_SHOP_REMAINING_MACHINERY_PACK_v1.0/docs/CODEX_BUILD_PROMPT.md"
"48ED9BB50851E35ABDD8B49AEE399414DE9EBEE6B6AAB6C93C0632A87500748F","2","192044","192044","Candidate/PressTrains/TrainA/Audio_v001/PTA_TransferServo_Loop_v001.wav"
"48ED9BB50851E35ABDD8B49AEE399414DE9EBEE6B6AAB6C93C0632A87500748F","2","192044","192044","Candidate/PressTrains/TrainA/Audio_v002/PTA_TransferServo_Loop_v002.wav"
"49FE95E3F751473527EB8D229F5CA19220457C858BE9B69F8746C5F95F927409","2","2578","2578","Candidate/Vehicles/Cairnwell2040/ChassisFrameUnderbody_Intake_v001/Build/compare_vertex_clouds.py"
"49FE95E3F751473527EB8D229F5CA19220457C858BE9B69F8746C5F95F927409","2","2578","2578","Candidate/WeldShop/VacuumPanelPickEOAT_Intake_v001/Build/compare_vertex_clouds.py"
"4A70EF6BC7224420D8768EDD40269D7D0B61613A116BD60D1B4C69E3AF3BCD5C","4","6529","19587","Robots/LB_MR01_MaintenanceRobot/Validation/Candidate_v009/LB_MR01_Phase3_ToolModules_v009.json"
"4A70EF6BC7224420D8768EDD40269D7D0B61613A116BD60D1B4C69E3AF3BCD5C","4","6529","19587","Robots/LB_MR01_MaintenanceRobot/Validation/Candidate_v010/LB_MR01_Phase3_ToolModules_v010.json"
"4A70EF6BC7224420D8768EDD40269D7D0B61613A116BD60D1B4C69E3AF3BCD5C","4","6529","19587","Robots/LB_MR01_MaintenanceRobot/Validation/Candidate_v011/LB_MR01_Phase3_ToolModules_v011.json"
"4A70EF6BC7224420D8768EDD40269D7D0B61613A116BD60D1B4C69E3AF3BCD5C","4","6529","19587","Robots/LB_MR01_MaintenanceRobot/Validation/Candidate_v012/LB_MR01_Phase3_ToolModules_v012.json"
"4B2B198EB4D909F97F292731626CCB754F0D310E18E20EA8CC2B3B05703FFF6C","2","398597","398597","Candidate/PressTrains/Shared/MeshyIsolatedIntake_v625/Generated/Meshy6_v646/05_RightAccessDoor/Original/front.png"
"4B2B198EB4D909F97F292731626CCB754F0D310E18E20EA8CC2B3B05703FFF6C","2","398597","398597","Candidate/PressTrains/Shared/MeshyIsolatedIntake_v625/Prepared/Meshy6Views_v645/05_RightAccessDoor/front.png"
"4C2C5A5E7EB6541E42FDA52BD7E27F0CA2DBDA744DDDF460ACE2C26FF3063C96","2","12192","12192","ReferencePacks/LB_CR01_SHARED_ROBOT_PLATFORM_BUILD_PACK_v1.0/proxy/LB_RP01_SharedCore_Blockout.glb"
"4C2C5A5E7EB6541E42FDA52BD7E27F0CA2DBDA744DDDF460ACE2C26FF3063C96","2","12192","12192","ReferencePacks/LB_MR01_SHARED_PLATFORM_BUILD_PACK_v1.0/references/LB_RP01_SharedCore_ReferenceOnly.glb"
"4C4722E2B8DB06DFA065CB57FDF8C6D5266348A02E327DAACD66304B48633F03","2","5959","5959","Candidate/PressTrains/TrainA/Meshy6SupportingSystemsProduction_v638/05_S07InspectUnloadCell/task_complete.json"
"4C4722E2B8DB06DFA065CB57FDF8C6D5266348A02E327DAACD66304B48633F03","2","5959","5959","Candidate/PressTrains/TrainA/Meshy6SupportingSystemsProduction_v638/05_S07InspectUnloadCell/task_latest.json"
"4C769DFDA097B5E0A262DF375ECCF272C359B311A1D7F2483CF65CDE7F807971","2","1955","1955","PR008/StripTransition/Candidate_v001/pr008_strip_transition_module_manifest_v001.json"
"4C769DFDA097B5E0A262DF375ECCF272C359B311A1D7F2483CF65CDE7F807971","2","1955","1955","PR008/StripTransition/ProEntryLoop_v002/pr008_strip_transition_module_manifest_v002.json"
"4FEA5A0229707B31E70A199C42B9287220EE4CDCDF9F75DEC79DDF21425BB18C","2","1106","1106","Reference/PressShop/RemainingMachineryPack_v1.0/CAIRNWELL_PRESS_SHOP_REMAINING_MACHINERY_PACK_v1.0/data/lod_collision_schedule.csv"
"4FEA5A0229707B31E70A199C42B9287220EE4CDCDF9F75DEC79DDF21425BB18C","2","1106","1106","ReferencePacks/CAIRNWELL_PRESS_SHOP_REMAINING_MACHINERY_PACK_v1.0/data/lod_collision_schedule.csv"
"51E69E9A450BEA6ECED39BFE3BFBFF9D052C9266403EC050DEE5F133F106175D","2","5959","5959","Candidate/PressTrains/TrainA/Meshy6SupportingSystemsProduction_v638/02_InterPressTransferSystem/task_complete.json"
"51E69E9A450BEA6ECED39BFE3BFBFF9D052C9266403EC050DEE5F133F106175D","2","5959","5959","Candidate/PressTrains/TrainA/Meshy6SupportingSystemsProduction_v638/02_InterPressTransferSystem/task_latest.json"
"521C72FA346A7D33CC9E1D958D26892957635729AEE47E7692328E28C2995761","2","3184154","3184154","Candidate/PressTrains/TrainA/CompleteTrainAAssembly_v660/Review/Textured_v726/TrainA_textured_operator_elevated_v726.png"
"521C72FA346A7D33CC9E1D958D26892957635729AEE47E7692328E28C2995761","2","3184154","3184154","Candidate/UI/ProductionFlowThumbnails_v001/Authority/03_TransferPress_authority.png"
"536D59548D372FC79F1489A479A08A5ACEF4E9633FFB5B06F2E6EB60ECDB0EEF","2","4261","4261","PR009/AutomatedBlankStacker/Candidate_v001/01_SOURCE_AUTHORITY_AUDIT.md"
"536D59548D372FC79F1489A479A08A5ACEF4E9633FFB5B06F2E6EB60ECDB0EEF","2","4261","4261","PR009/AutomatedBlankStacker/Candidate_v002/01_SOURCE_AUTHORITY_AUDIT.md"
"538DC7DB2E35CD8472F5CBC4C7BB20002E91E334B1CAD0D648C16399209C86BE","2","6359","6359","Reference/PressShop/RemainingMachineryPack_v1.0/CAIRNWELL_PRESS_SHOP_REMAINING_MACHINERY_PACK_v1.0/data/module_register.csv"
"538DC7DB2E35CD8472F5CBC4C7BB20002E91E334B1CAD0D648C16399209C86BE","2","6359","6359","ReferencePacks/CAIRNWELL_PRESS_SHOP_REMAINING_MACHINERY_PACK_v1.0/data/module_register.csv"
"541F76CDF8E4AF77D549136A84F5FF4A9283A1E1AB9B3611E710979A13CCD07F","2","192044","192044","Candidate/PressTrains/TrainA/Audio_v001/PTA_RobotServo_Loop_v001.wav"
"541F76CDF8E4AF77D549136A84F5FF4A9283A1E1AB9B3611E710979A13CCD07F","2","192044","192044","Candidate/PressTrains/TrainA/Audio_v002/PTA_RobotServo_Loop_v002.wav"
"55432159254BBBD65E55A26A8E5BD6139C4DF82D7044B45675EB72A8C8BDE931","2","421749","421749","Candidate/PressTrains/TrainA/Meshy6SupportingSystemsProduction_v641/03_LargeTrimScrapBin/Original/right.png"
"55432159254BBBD65E55A26A8E5BD6139C4DF82D7044B45675EB72A8C8BDE931","2","421749","421749","Candidate/PressTrains/TrainA/MeshySupportingSystemsReferences_v634/Asset09A_LargeStillage/right.png"
"560868AC9ADAFC98E11594776B4A20E2E8DAD1DA25F0EDF354CA9265E77BEED5","2","966","966","Reference/PressShop/RemainingMachineryPack_v1.0/CAIRNWELL_PRESS_SHOP_REMAINING_MACHINERY_PACK_v1.0/README_FIRST.md"
"560868AC9ADAFC98E11594776B4A20E2E8DAD1DA25F0EDF354CA9265E77BEED5","2","966","966","ReferencePacks/CAIRNWELL_PRESS_SHOP_REMAINING_MACHINERY_PACK_v1.0/README_FIRST.md"
"565788789C7625251FE8C328F7825FD0AA8C85144AD29DF7602D47966D54F160","2","15046","15046","Reference/PressShop/RemainingMachineryPack_v1.0/CAIRNWELL_PRESS_SHOP_REMAINING_MACHINERY_PACK_v1.0/docs/PRESS_SHOP_REMAINING_MACHINERY_ENGINEERING_SPEC_v1.0.md"
"565788789C7625251FE8C328F7825FD0AA8C85144AD29DF7602D47966D54F160","2","15046","15046","ReferencePacks/CAIRNWELL_PRESS_SHOP_REMAINING_MACHINERY_PACK_v1.0/docs/PRESS_SHOP_REMAINING_MACHINERY_ENGINEERING_SPEC_v1.0.md"
"56DBD80AFB1A4872F45066B13C61B06EA3BF5E1005A3F1CAF9EE8410C3C4BE99","2","5959","5959","Candidate/PressTrains/Shared/MeshyIsolatedIntake_v625/Generated/Meshy6_v646/03_LowerDie/task_complete.json"
"56DBD80AFB1A4872F45066B13C61B06EA3BF5E1005A3F1CAF9EE8410C3C4BE99","2","5959","5959","Candidate/PressTrains/Shared/MeshyIsolatedIntake_v625/Generated/Meshy6_v646/03_LowerDie/task_latest.json"
"575BCB783FAFE84E21AAF05F666A28F0CC3F38881950E62DF8A91E825DBCE606","2","5959","5959","Candidate/PressTrains/Shared/MeshyIsolatedIntake_v625/Generated/Meshy6_v646/01_RamSlide/task_complete.json"
"575BCB783FAFE84E21AAF05F666A28F0CC3F38881950E62DF8A91E825DBCE606","2","5959","5959","Candidate/PressTrains/Shared/MeshyIsolatedIntake_v625/Generated/Meshy6_v646/01_RamSlide/task_latest.json"
"5773F936EC70A502735D995F6B64A23B80375017E1E6AFD713DB596127671B1C","2","3362","3362","PR009/AutomatedBlankStacker/Candidate_v001/02_DIMENSIONED_ASSET_INVENTORY.csv"
"5773F936EC70A502735D995F6B64A23B80375017E1E6AFD713DB596127671B1C","2","3362","3362","PR009/AutomatedBlankStacker/Candidate_v002/02_DIMENSIONED_ASSET_INVENTORY.csv"
"5ABDF6038186251AB675170EEF35BA06C1A5D70D6D57798BF008E4231821659A","2","2143224","2143224","Candidate/PressTrains/Shared/Meshy6PressUnloadRobot_v719/approved_robot_family_sheet.png"
"5ABDF6038186251AB675170EEF35BA06C1A5D70D6D57798BF008E4231821659A","2","2143224","2143224","Candidate/PressTrains/TrainA/AssemblyStudy_v012/Reference/Cairnwell_Robot_Family_Robot_Variants.png"
"5AEE02A68DFDE1A9FEB06184C22D0D4C249983154CA84918F7B5713A65594C1A","2","5959","5959","Candidate/PressTrains/Shared/MeshyIsolatedIntake_v625/Generated/Meshy6_v646/06_FixedSafetyFence/task_complete.json"
"5AEE02A68DFDE1A9FEB06184C22D0D4C249983154CA84918F7B5713A65594C1A","2","5959","5959","Candidate/PressTrains/Shared/MeshyIsolatedIntake_v625/Generated/Meshy6_v646/06_FixedSafetyFence/task_latest.json"
"5B6C0F43133A4782017A92362C5322B912321FB15AF3CA99CCCD59C4827F0101","2","646250","646250","Candidate/PressTrains/TrainA/Meshy6SupportingSystemsProduction_v638/04_S05SlugCollectionSystem/Original/right.png"
"5B6C0F43133A4782017A92362C5322B912321FB15AF3CA99CCCD59C4827F0101","2","646250","646250","Candidate/PressTrains/TrainA/MeshySupportingSystemsReferences_v634/Asset04_S05SlugCollectionSystem/right.png"
"5D2DE376C6B443B09D1454261B6D7C49932285D4ED34EBCB6836D49C1D435695","2","270823","270823","Candidate/PressTrains/TrainA/Meshy6SupportingSystemsProduction_v641/05_FlatPanelStillage/Original/right.png"
"5D2DE376C6B443B09D1454261B6D7C49932285D4ED34EBCB6836D49C1D435695","2","270823","270823","Candidate/PressTrains/TrainA/MeshySupportingSystemsReferences_v634/Asset09C_FlatStillage/right.png"
"5F3735090674806780A36286DA80681D532F3BAA2B5156C2308029F34B14FF08","2","673259","673259","Candidate/PressTrains/TrainA/Meshy6SupportingSystemsProduction_v638/05_S07InspectUnloadCell/Original/rear.png"
"5F3735090674806780A36286DA80681D532F3BAA2B5156C2308029F34B14FF08","2","673259","673259","Candidate/PressTrains/TrainA/MeshySupportingSystemsReferences_v634/Asset05_S07InspectUnloadCell/rear.png"
"6437F8646CC87DCB71BFE6192C5331AF31184600B521E27CD7CBB8A040927B19","3","2424","4848","Robots/LB_MR01_MaintenanceRobot/Validation/Candidate_v009/LB_MR01_Phase3_Dimensions_v009.json"
"6437F8646CC87DCB71BFE6192C5331AF31184600B521E27CD7CBB8A040927B19","3","2424","4848","Robots/LB_MR01_MaintenanceRobot/Validation/Candidate_v010/LB_MR01_Phase3_Dimensions_v010.json"
"6437F8646CC87DCB71BFE6192C5331AF31184600B521E27CD7CBB8A040927B19","3","2424","4848","Robots/LB_MR01_MaintenanceRobot/Validation/Candidate_v011/LB_MR01_Phase3_Dimensions_v011.json"
"6682635F951D218370F2958084FF2480330789D6A8E90089186FE2A02AC65245","2","420456","420456","Candidate/PressTrains/Shared/MeshyIsolatedIntake_v625/Generated/Meshy6_v646/03_LowerDie/Original/rear.png"
"6682635F951D218370F2958084FF2480330789D6A8E90089186FE2A02AC65245","2","420456","420456","Candidate/PressTrains/Shared/MeshyIsolatedIntake_v625/Prepared/Meshy6Views_v645/03_LowerDie/rear.png"
"68911DA781238F9F9464C2E911D36439AA0267218690370DCF73B6A77F7C2E68","2","833117","833117","Candidate/PressTrains/TrainA/Meshy6SupportingSystemsProduction_v641/02_HydraulicPowerUnit/Original/right.png"
"68911DA781238F9F9464C2E911D36439AA0267218690370DCF73B6A77F7C2E68","2","833117","833117","Candidate/PressTrains/TrainA/MeshySupportingSystemsReferences_v634/Asset07_HydraulicPowerUnit/right.png"
"6B7B0EEED9780CDB490002DFDA0ADEDB99EF53989D248C3297EAAF8F4EB8AEF0","2","500829","500829","Candidate/PressTrains/Shared/MeshyIsolatedIntake_v625/Generated/Meshy6_v646/01_RamSlide/Original/front.png"
"6B7B0EEED9780CDB490002DFDA0ADEDB99EF53989D248C3297EAAF8F4EB8AEF0","2","500829","500829","Candidate/PressTrains/Shared/MeshyIsolatedIntake_v625/Prepared/Meshy6Views_v645/01_RamSlide/front.png"
"6D48E7F5E6A65D70DA8970C42967B51D1FFC19A098DB5265CEA5637C3EB34726","2","608743","608743","Candidate/PressTrains/TrainA/Meshy6SupportingSystemsProduction_v638/01_S01DestackBlankFeed/Original/left.png"
"6D48E7F5E6A65D70DA8970C42967B51D1FFC19A098DB5265CEA5637C3EB34726","2","608743","608743","Candidate/PressTrains/TrainA/MeshySupportingSystemsReferences_v634/Asset01_S01DestackBlankFeed/left.png"
"6E57DEA280B761A83A8C32322A7358CB2F1D408C671118B17EACBDB3178FF40C","2","5959","5959","Candidate/PressTrains/TrainA/Meshy6SupportingSystemsProduction_v641/06_PoweredRollerConveyor/task_complete.json"
"6E57DEA280B761A83A8C32322A7358CB2F1D408C671118B17EACBDB3178FF40C","2","5959","5959","Candidate/PressTrains/TrainA/Meshy6SupportingSystemsProduction_v641/06_PoweredRollerConveyor/task_latest.json"
"6F4AFFF9DEEE83236910559ADBB122A84685C44706322D968433259A78A72B43","2","1841713","1841713","Candidate/PressShop/InboundHandoffComposite_v20260809_v831/Review/01_Combined_Neutral_Hero_v831.png"
"6F4AFFF9DEEE83236910559ADBB122A84685C44706322D968433259A78A72B43","2","1841713","1841713","Candidate/UI/ProductionFlowThumbnails_v001/Authority/01_CoilIntake_authority.png"
"6F6559B5CC3C6548A10B138062F2AC8229A3BB96304A646AC6AF4A8CD9D22D8E","2","1393","1393","Reference/PressShop/RemainingMachineryPack_v1.0/CAIRNWELL_PRESS_SHOP_REMAINING_MACHINERY_PACK_v1.0/data/interaction_points_and_clearances.csv"
"6F6559B5CC3C6548A10B138062F2AC8229A3BB96304A646AC6AF4A8CD9D22D8E","2","1393","1393","ReferencePacks/CAIRNWELL_PRESS_SHOP_REMAINING_MACHINERY_PACK_v1.0/data/interaction_points_and_clearances.csv"
"6FAE215700F1B5E3E2DB40FB095F19CEE6C95A2B48575B5EDA90C5AA6D4458F9","2","1327","1327","Reference/PressShop/RemainingMachineryPack_v1.0/CAIRNWELL_PRESS_SHOP_REMAINING_MACHINERY_PACK_v1.0/data/authority_and_assumptions.json"
"6FAE215700F1B5E3E2DB40FB095F19CEE6C95A2B48575B5EDA90C5AA6D4458F9","2","1327","1327","ReferencePacks/CAIRNWELL_PRESS_SHOP_REMAINING_MACHINERY_PACK_v1.0/data/authority_and_assumptions.json"
"70B97C1B5F78A97308D0BCCF5DC8CA04EB1F4DC1EF3A1385D58B62BFC41124B9","2","755474","755474","Candidate/PressTrains/TrainA/Meshy6SupportingSystemsProduction_v638/02_InterPressTransferSystem/Original/front.png"
"70B97C1B5F78A97308D0BCCF5DC8CA04EB1F4DC1EF3A1385D58B62BFC41124B9","2","755474","755474","Candidate/PressTrains/TrainA/MeshySupportingSystemsReferences_v634/Asset02_InterPressTransferSystem/front.png"
"75F8F0445CE578C2176A4BCF3165DCB16836AAA7F765091D095966443E99C0C2","2","1729563","1729563","Reference/PressShop/RemainingMachineryPack_v1.0/CAIRNWELL_PRESS_SHOP_REMAINING_MACHINERY_PACK_v1.0/visuals/SHEET_01_PR008_ENGINEERING_REFERENCE_4K.png"
"75F8F0445CE578C2176A4BCF3165DCB16836AAA7F765091D095966443E99C0C2","2","1729563","1729563","ReferencePacks/CAIRNWELL_PRESS_SHOP_REMAINING_MACHINERY_PACK_v1.0/visuals/SHEET_01_PR008_ENGINEERING_REFERENCE_4K.png"
"764EBFC3753BADB2EDD03DE0085514DDA3CDFC6926D8A36B839BEB9815BD973D","2","2440055","2440055","Candidate/PressShop/Inbound/CoilHandlerAGV_v20260810/Hybrid_v999/SM_Cairnwell_AGV_CHF01_StaticBody_v999.fbm/CHF01_Image_0.jpg"
"764EBFC3753BADB2EDD03DE0085514DDA3CDFC6926D8A36B839BEB9815BD973D","2","2440055","2440055","Candidate/PressShop/Inbound/CoilHandlerAGV_v20260810/Hybrid_v999/Textures/CHF01_Image_0.jpg"
"79869B23D413A838FDB276EE990593F9AA720127B86B42B9DD338036D245D414","2","613638","613638","Candidate/PressTrains/TrainA/Meshy6SupportingSystemsProduction_v638/05_S07InspectUnloadCell/Original/left.png"
"79869B23D413A838FDB276EE990593F9AA720127B86B42B9DD338036D245D414","2","613638","613638","Candidate/PressTrains/TrainA/MeshySupportingSystemsReferences_v634/Asset05_S07InspectUnloadCell/left.png"
"7B335A8CECC8487AF670873381139E1A24903644331CE09B7091B6CF93DAE0E6","2","1223331","1223331","Reference/PressShop/RemainingMachineryPack_v1.0/CAIRNWELL_PRESS_SHOP_REMAINING_MACHINERY_PACK_v1.0/visuals/SHEET_04_PRESS_TRAINS_SHARED_ARCHITECTURE_4K.png"
"7B335A8CECC8487AF670873381139E1A24903644331CE09B7091B6CF93DAE0E6","2","1223331","1223331","ReferencePacks/CAIRNWELL_PRESS_SHOP_REMAINING_MACHINERY_PACK_v1.0/visuals/SHEET_04_PRESS_TRAINS_SHARED_ARCHITECTURE_4K.png"
"7DC4FCFA5ACEC200F81F7819186A152D6AC2299EB4DD0019E1F2F9028B8EFD64","2","212055","212055","Candidate/PressTrains/TrainA/Meshy6SupportingSystemsProduction_v641/04_SmallSlugBin/Original/right.png"
"7DC4FCFA5ACEC200F81F7819186A152D6AC2299EB4DD0019E1F2F9028B8EFD64","2","212055","212055","Candidate/PressTrains/TrainA/MeshySupportingSystemsReferences_v634/Asset09B_SmallStillage/right.png"
"7ED8353BCA60F50F369ECBE64657AD7DBB2161008515D8E65B0B637A4E8C2161","2","703760","703760","Candidate/PressTrains/TrainA/Meshy6SupportingSystemsProduction_v638/05_S07InspectUnloadCell/Original/front.png"
"7ED8353BCA60F50F369ECBE64657AD7DBB2161008515D8E65B0B637A4E8C2161","2","703760","703760","Candidate/PressTrains/TrainA/MeshySupportingSystemsReferences_v634/Asset05_S07InspectUnloadCell/front.png"
"8145F0F884B4D514FF638434AAD1F1DCE2180610F391CA898C2063BEB8C5EB44","2","5959","5959","Candidate/PressTrains/TrainA/Meshy6SupportingSystemsProduction_v641/01_DieChangeCart/task_complete.json"
"8145F0F884B4D514FF638434AAD1F1DCE2180610F391CA898C2063BEB8C5EB44","2","5959","5959","Candidate/PressTrains/TrainA/Meshy6SupportingSystemsProduction_v641/01_DieChangeCart/task_latest.json"
"8175E8A9AD220AB2F771549795A5A446970D0BF3906C80C775197DB2C97188C7","5","5489","21956","Robots/LB_MR01_MaintenanceRobot/Validation/Candidate_v002/LB_MR01_Phase2_Hierarchy_v002.json"
"8175E8A9AD220AB2F771549795A5A446970D0BF3906C80C775197DB2C97188C7","5","5489","21956","Robots/LB_MR01_MaintenanceRobot/Validation/Candidate_v003/LB_MR01_Phase2_Hierarchy_v003.json"
"8175E8A9AD220AB2F771549795A5A446970D0BF3906C80C775197DB2C97188C7","5","5489","21956","Robots/LB_MR01_MaintenanceRobot/Validation/Candidate_v004/LB_MR01_Phase2_Hierarchy_v004.json"
"8175E8A9AD220AB2F771549795A5A446970D0BF3906C80C775197DB2C97188C7","5","5489","21956","Robots/LB_MR01_MaintenanceRobot/Validation/Candidate_v005/LB_MR01_Phase2_Hierarchy_v005.json"
"8175E8A9AD220AB2F771549795A5A446970D0BF3906C80C775197DB2C97188C7","5","5489","21956","Robots/LB_MR01_MaintenanceRobot/Validation/Candidate_v006/LB_MR01_Phase2_Hierarchy_v006.json"
"81B792E05A3A0C7F1B11551931D71324892F02CEDBD0D925D6AD67E88D4F6DFD","2","606315","606315","Candidate/PressTrains/TrainA/Meshy6SupportingSystemsProduction_v638/01_S01DestackBlankFeed/Original/right.png"
"81B792E05A3A0C7F1B11551931D71324892F02CEDBD0D925D6AD67E88D4F6DFD","2","606315","606315","Candidate/PressTrains/TrainA/MeshySupportingSystemsReferences_v634/Asset01_S01DestackBlankFeed/right.png"
"83008CAE31B3560C48E8DC26AAB06F298EB06C71C00134F9E83A97FAF0924700","3","985","1970","Reference/PressShop/RemainingMachineryPack_v1.0/CAIRNWELL_PRESS_SHOP_REMAINING_MACHINERY_PACK_v1.0/references/CAIRNWELL_AUTOMOTIVE_PRIMARY_LOGO.svg"
"83008CAE31B3560C48E8DC26AAB06F298EB06C71C00134F9E83A97FAF0924700","3","985","1970","ReferencePacks/CAIRNWELL_AUTOMOTIVE_BRAND_IDENTITY_PACK_v1.0/CAIRNWELL_AUTOMOTIVE_PRIMARY_LOGO.svg"
"83008CAE31B3560C48E8DC26AAB06F298EB06C71C00134F9E83A97FAF0924700","3","985","1970","ReferencePacks/CAIRNWELL_PRESS_SHOP_REMAINING_MACHINERY_PACK_v1.0/references/CAIRNWELL_AUTOMOTIVE_PRIMARY_LOGO.svg"
"863BC6978581461A987F88F73D5A4690BD31DAFBAD29D5C1AA03EC3D0A8F3D11","2","284609","284609","Candidate/PressTrains/Shared/MeshyIsolatedIntake_v625/Generated/Meshy6_v646/01_RamSlide/Original/left.png"
"863BC6978581461A987F88F73D5A4690BD31DAFBAD29D5C1AA03EC3D0A8F3D11","2","284609","284609","Candidate/PressTrains/Shared/MeshyIsolatedIntake_v625/Prepared/Meshy6Views_v645/01_RamSlide/left.png"
"8792A9AF0C7FA2B0FA277047AB70FF6C3456E4479DC8B44B2E8D054CFE6C69C7","2","226721","226721","Candidate/PressTrains/TrainA/Meshy6SupportingSystemsProduction_v641/04_SmallSlugBin/Original/rear.png"
"8792A9AF0C7FA2B0FA277047AB70FF6C3456E4479DC8B44B2E8D054CFE6C69C7","2","226721","226721","Candidate/PressTrains/TrainA/MeshySupportingSystemsReferences_v634/Asset09B_SmallStillage/rear.png"
"8BF8B04ED8F7205D4D0745A7C1D4933EEBC0E2C3361BC1F10B316625F9307970","2","384044","384044","Candidate/PressTrains/TrainA/Audio_v001/PTA_HydraulicPower_Loop_v001.wav"
"8BF8B04ED8F7205D4D0745A7C1D4933EEBC0E2C3361BC1F10B316625F9307970","2","384044","384044","Candidate/PressTrains/TrainA/Audio_v002/PTA_HydraulicPower_Loop_v002.wav"
"8D70C298574CA9C3782F3DA2F057CE5819740EBA22BC45C7B0F10F504EEF6FF6","2","517316","517316","Candidate/PressTrains/Shared/MeshyIsolatedIntake_v625/Generated/Meshy6_v646/07_InterlockedGate/Original/rear.png"
"8D70C298574CA9C3782F3DA2F057CE5819740EBA22BC45C7B0F10F504EEF6FF6","2","517316","517316","Candidate/PressTrains/Shared/MeshyIsolatedIntake_v625/Prepared/Meshy6Views_v645/07_InterlockedGate/rear.png"
"8D77A23B85E1DD9BC61F54AE4B4481E15066EC1EFA6BB257607B9627E9598B21","2","893","893","Reference/PressShop/RemainingMachineryPack_v1.0/CAIRNWELL_PRESS_SHOP_REMAINING_MACHINERY_PACK_v1.0/data/state_models.json"
"8D77A23B85E1DD9BC61F54AE4B4481E15066EC1EFA6BB257607B9627E9598B21","2","893","893","ReferencePacks/CAIRNWELL_PRESS_SHOP_REMAINING_MACHINERY_PACK_v1.0/data/state_models.json"
"8DA22A555055E491CC3ACF7752F31F4DCAE361BB4CE4A34ECD2CFEB29EBB84E5","2","13631360","13631360","Candidate/FactoryLogistics/PoweredConveyor_v001/Authorities/MeshyPoweredRoller_Cleaned_v639__SM_CA_MW_PT_PoweredRollerConveyor_LOD0_v639.glb"
"8DA22A555055E491CC3ACF7752F31F4DCAE361BB4CE4A34ECD2CFEB29EBB84E5","2","13631360","13631360","Candidate/PressTrains/TrainA/Meshy6SupportingSystemsProduction_v641/06_PoweredRollerConveyor/Cleaned_v644/SM_CA_MW_PT_PoweredRollerConveyor_LOD0_v639.glb"
"8E29FEAC7DB63682FC49FA0C5DD674C17E4B0EFF4955308F7BBDCAF7D7FC9422","2","457616","457616","Candidate/PressTrains/TrainA/Meshy6SupportingSystemsProduction_v641/03_LargeTrimScrapBin/Original/front.png"
"8E29FEAC7DB63682FC49FA0C5DD674C17E4B0EFF4955308F7BBDCAF7D7FC9422","2","457616","457616","Candidate/PressTrains/TrainA/MeshySupportingSystemsReferences_v634/Asset09A_LargeStillage/front.png"
"90F325369A420AE928FFBBD3E3F9BD4EC1BB5901714BB4FAF20FC2B128783962","2","284713","284713","Candidate/PressTrains/Shared/MeshyIsolatedIntake_v625/Generated/Meshy6_v646/08_ElectricalCabinet/Original/front.png"
"90F325369A420AE928FFBBD3E3F9BD4EC1BB5901714BB4FAF20FC2B128783962","2","284713","284713","Candidate/PressTrains/Shared/MeshyIsolatedIntake_v625/Prepared/Meshy6Views_v645/08_ElectricalCabinet/front.png"
"929D87E7ADE378EA3DE9CEF321F0ABE44FA4CCFC17ED0F99E0A6F9FF5F48EB65","2","517487","517487","Candidate/PressTrains/TrainA/Meshy6SupportingSystemsProduction_v638/03_S04TrimScrapSystem/Original/right.png"
"929D87E7ADE378EA3DE9CEF321F0ABE44FA4CCFC17ED0F99E0A6F9FF5F48EB65","2","517487","517487","Candidate/PressTrains/TrainA/MeshySupportingSystemsReferences_v634/Asset03_S04TrimScrapSystem/right.png"
"93D0E0465C5CB66288135B12CCB4968E4F79C00C1E4D6701A8E343506EAEBF6C","2","149907","149907","Candidate/PressTrains/Shared/MeshyIsolatedIntake_v625/Generated/Meshy6_v646/10_FlywheelHousing/Original/left.png"
"93D0E0465C5CB66288135B12CCB4968E4F79C00C1E4D6701A8E343506EAEBF6C","2","149907","149907","Candidate/PressTrains/Shared/MeshyIsolatedIntake_v625/Prepared/Meshy6Views_v645/10_FlywheelHousing/left.png"
"94FD86DC747ACC18CCD335ACB1740D9549AA1E87347197CCE054235552969EC4","2","1861011","1861011","Candidate/PressShop/Inbound/CoilHandlerAGV_v20260810/Hybrid_v999/SM_Cairnwell_AGV_CHF01_StaticBody_v999.fbm/CHF01_Image_2.jpg"
"94FD86DC747ACC18CCD335ACB1740D9549AA1E87347197CCE054235552969EC4","2","1861011","1861011","Candidate/PressShop/Inbound/CoilHandlerAGV_v20260810/Hybrid_v999/Textures/CHF01_Image_2.jpg"
"966487E4477EAF1CB88F445FFAECFEF2032BAF51EA554F25F87AD94D2409D85D","2","315892","315892","Candidate/PressTrains/Shared/MeshyIsolatedIntake_v625/Generated/Meshy6_v646/03_LowerDie/Original/left.png"
"966487E4477EAF1CB88F445FFAECFEF2032BAF51EA554F25F87AD94D2409D85D","2","315892","315892","Candidate/PressTrains/Shared/MeshyIsolatedIntake_v625/Prepared/Meshy6Views_v645/03_LowerDie/left.png"
"968178B3216194781259B0B2F5132A8F7D7502C6351A511B1751D8B751F2D05E","2","375997","375997","Candidate/PressTrains/Shared/MeshyIsolatedIntake_v625/Generated/Meshy6_v646/05_RightAccessDoor/Original/rear.png"
"968178B3216194781259B0B2F5132A8F7D7502C6351A511B1751D8B751F2D05E","2","375997","375997","Candidate/PressTrains/Shared/MeshyIsolatedIntake_v625/Prepared/Meshy6Views_v645/05_RightAccessDoor/rear.png"
"96D61F5E292519C4ECAB23E0220A19597569881C300D09C7229B20D51D517054","2","5959","5959","Candidate/PressTrains/TrainA/Meshy6SupportingSystemsProduction_v638/01_S01DestackBlankFeed/task_complete.json"
"96D61F5E292519C4ECAB23E0220A19597569881C300D09C7229B20D51D517054","2","5959","5959","Candidate/PressTrains/TrainA/Meshy6SupportingSystemsProduction_v638/01_S01DestackBlankFeed/task_latest.json"
"96DE4334421618EA06B2AACFE4E72BCBD37C5B9054CDDD1174B31364CC746F07","2","2439678","2439678","Reference/PressShop/RemainingMachineryPack_v1.0/CAIRNWELL_PRESS_SHOP_REMAINING_MACHINERY_PACK_v1.0/references/SHEET_00_PRESS_SHOP_REMAINING_MACHINERY_OVERVIEW.png"
"96DE4334421618EA06B2AACFE4E72BCBD37C5B9054CDDD1174B31364CC746F07","2","2439678","2439678","ReferencePacks/CAIRNWELL_PRESS_SHOP_REMAINING_MACHINERY_PACK_v1.0/references/SHEET_00_PRESS_SHOP_REMAINING_MACHINERY_OVERVIEW.png"
"97BED5E936C70EB61DDA37F5EFBB74C3CC3FBF0FF5F6FDEE5E17918BDA24C87A","2","567430","567430","Candidate/PressTrains/TrainA/Meshy6SupportingSystemsProduction_v638/03_S04TrimScrapSystem/Original/rear.png"
"97BED5E936C70EB61DDA37F5EFBB74C3CC3FBF0FF5F6FDEE5E17918BDA24C87A","2","567430","567430","Candidate/PressTrains/TrainA/MeshySupportingSystemsReferences_v634/Asset03_S04TrimScrapSystem/rear.png"
"98FEBCF8640DFA333CF5155E6384749C180716042899F5FF484F8F0EC2E708E9","2","5959","5959","Candidate/PressTrains/Shared/MeshyIsolatedIntake_v625/Generated/Meshy6_v646/09_OperatorHMI/task_complete.json"
"98FEBCF8640DFA333CF5155E6384749C180716042899F5FF484F8F0EC2E708E9","2","5959","5959","Candidate/PressTrains/Shared/MeshyIsolatedIntake_v625/Generated/Meshy6_v646/09_OperatorHMI/task_latest.json"
"99309998507225074418D9119101C2EA3A013ADF608BEB808D3677CE8C0DE21D","2","512855","512855","Candidate/PressTrains/TrainA/Meshy6SupportingSystemsProduction_v641/01_DieChangeCart/Original/right.png"
"99309998507225074418D9119101C2EA3A013ADF608BEB808D3677CE8C0DE21D","2","512855","512855","Candidate/PressTrains/TrainA/MeshySupportingSystemsReferences_v634/Asset06_DieChangeCart/right.png"
"9954339FFA13877B554B53F39AA0EAF77BF2456642BDAE3DA3877332A1DD7DF5","2","5959","5959","Candidate/PressTrains/Shared/MeshyIsolatedIntake_v625/Generated/Meshy6_v646/11_FlywheelRotorShaft/task_complete.json"
"9954339FFA13877B554B53F39AA0EAF77BF2456642BDAE3DA3877332A1DD7DF5","2","5959","5959","Candidate/PressTrains/Shared/MeshyIsolatedIntake_v625/Generated/Meshy6_v646/11_FlywheelRotorShaft/task_latest.json"
"9DBE9E1B6E46DDBFF63E8D422BDD3BB39E83BD58CF0FBFB59DB368EB8BF2B9C2","2","6797","6797","PR009/AutomatedBlankStacker/Candidate_v001/05_MACHINE_IDENTITY_AND_INTERACTION_MANIFEST.json"
"9DBE9E1B6E46DDBFF63E8D422BDD3BB39E83BD58CF0FBFB59DB368EB8BF2B9C2","2","6797","6797","PR009/AutomatedBlankStacker/Candidate_v002/05_MACHINE_IDENTITY_AND_INTERACTION_MANIFEST.json"
"9DF2E4E1DA05779EEA925E8FB2363717EFE14139BDE4B7000D5E468A405F1958","2","554168","554168","Candidate/PressTrains/Shared/MeshyIsolatedIntake_v625/Generated/Meshy6_v646/02_UpperDie/Original/front.png"
"9DF2E4E1DA05779EEA925E8FB2363717EFE14139BDE4B7000D5E468A405F1958","2","554168","554168","Candidate/PressTrains/Shared/MeshyIsolatedIntake_v625/Prepared/Meshy6Views_v645/02_UpperDie/front.png"
"9E7B7E2A168F4FE377832C507F45237FE8E31C486807A8A7046FB8FEBE791A14","3","942","1884","ControlRoom/MainControlRoom_v005/documentation/source_envelope_dimension_audit.json"
"9E7B7E2A168F4FE377832C507F45237FE8E31C486807A8A7046FB8FEBE791A14","3","942","1884","ControlRoom/MainControlRoom_v006/documentation/source_envelope_dimension_audit.json"
"9E7B7E2A168F4FE377832C507F45237FE8E31C486807A8A7046FB8FEBE791A14","3","942","1884","ControlRoom/MainControlRoom_v034/documentation/source_envelope_dimension_audit.json"
"9E9DE419B62BA7C1A5C374CBE0FE7183DD673B2274E9695A08062058EB907BB6","2","5959","5959","Candidate/PressTrains/TrainA/Meshy6SupportingSystemsProduction_v638/03_S04TrimScrapSystem/task_complete.json"
"9E9DE419B62BA7C1A5C374CBE0FE7183DD673B2274E9695A08062058EB907BB6","2","5959","5959","Candidate/PressTrains/TrainA/Meshy6SupportingSystemsProduction_v638/03_S04TrimScrapSystem/task_latest.json"
"9F2D9D2E3EC9D8039067BCD74455E00F1AEED3C3D9362D1163510CE7600B6464","2","478464","478464","Candidate/PressTrains/Shared/MeshyIsolatedIntake_v625/Generated/Meshy6_v646/11_FlywheelRotorShaft/Original/right.png"
"9F2D9D2E3EC9D8039067BCD74455E00F1AEED3C3D9362D1163510CE7600B6464","2","478464","478464","Candidate/PressTrains/Shared/MeshyIsolatedIntake_v625/Prepared/Meshy6Views_v645/11_FlywheelRotorShaft/right.png"
"A19F05715B29A01F5B75F1D3BC1200BDA06F4220F37D78B7F5F8890CD342EF04","2","530844","530844","Candidate/PressTrains/Shared/MeshyIsolatedIntake_v625/Generated/Meshy6_v646/07_InterlockedGate/Original/front.png"
"A19F05715B29A01F5B75F1D3BC1200BDA06F4220F37D78B7F5F8890CD342EF04","2","530844","530844","Candidate/PressTrains/Shared/MeshyIsolatedIntake_v625/Prepared/Meshy6Views_v645/07_InterlockedGate/front.png"
"A467BB2C70F3A52CFD2D8B5E3F8DF6AE8E4D3C18572236286FA98E336F202DB9","2","4397","4397","PR009/AutomatedBlankStacker/Candidate_v001/03_LAYOUT_AND_DATUM_PLAN.json"
"A467BB2C70F3A52CFD2D8B5E3F8DF6AE8E4D3C18572236286FA98E336F202DB9","2","4397","4397","PR009/AutomatedBlankStacker/Candidate_v002/03_LAYOUT_AND_DATUM_PLAN.json"
"A5860F7C4BD12387AE7D66EF45F3E9D2C1D1150020B83FB426CA4A6B292CCD02","2","2567461","2567461","ReferencePacks/LB_CR01_SHARED_ROBOT_PLATFORM_BUILD_PACK_v1.0/references/LB_MR01_design_sheet.png"
"A5860F7C4BD12387AE7D66EF45F3E9D2C1D1150020B83FB426CA4A6B292CCD02","2","2567461","2567461","ReferencePacks/LB_MR01_SHARED_PLATFORM_BUILD_PACK_v1.0/references/LB_MR01_design_sheet.png"
"A589565B637628A43C00632620D95F9596FF23C8D45D65188037336ABA3C2EB0","2","1081","1081","Candidate/Vehicles/Cairnwell2040/ChassisFrameUnderbody_Intake_v001/Build/extract_vertex_cloud.py"
"A589565B637628A43C00632620D95F9596FF23C8D45D65188037336ABA3C2EB0","2","1081","1081","Candidate/WeldShop/VacuumPanelPickEOAT_Intake_v001/Build/extract_vertex_cloud.py"
"AAEDEEAFDE57B86CC377D47BA7DF440439763F159A09C37CDE08426C070C1BF3","2","806","806","Reference/PressShop/RemainingMachineryPack_v1.0/CAIRNWELL_PRESS_SHOP_REMAINING_MACHINERY_PACK_v1.0/data/press_train_variant_matrix.csv"
"AAEDEEAFDE57B86CC377D47BA7DF440439763F159A09C37CDE08426C070C1BF3","2","806","806","ReferencePacks/CAIRNWELL_PRESS_SHOP_REMAINING_MACHINERY_PACK_v1.0/data/press_train_variant_matrix.csv"
"ABE314BC4D36A530E0C8D4967A083854F01873559592DF2357E8FF6C3EB0139B","2","273522","273522","Candidate/PressTrains/Shared/MeshyIsolatedIntake_v625/Generated/Meshy6_v646/01_RamSlide/Original/right.png"
"ABE314BC4D36A530E0C8D4967A083854F01873559592DF2357E8FF6C3EB0139B","2","273522","273522","Candidate/PressTrains/Shared/MeshyIsolatedIntake_v625/Prepared/Meshy6Views_v645/01_RamSlide/right.png"
"ABF9F7FCD01D2E79D434FB8582BBAF24C02D56607A7E166D8EF4ED6DE7FDFDEA","2","266560","266560","Candidate/PressTrains/Shared/MeshyIsolatedIntake_v625/Generated/Meshy6_v646/09_OperatorHMI/Original/front.png"
"ABF9F7FCD01D2E79D434FB8582BBAF24C02D56607A7E166D8EF4ED6DE7FDFDEA","2","266560","266560","Candidate/PressTrains/Shared/MeshyIsolatedIntake_v625/Prepared/Meshy6Views_v645/09_OperatorHMI/front.png"
"ABFCE1A8A1B8C9180CC21BD09986A024B7E289708A4B3364D870366011D515BC","2","579134","579134","Candidate/PressTrains/TrainA/Meshy6SupportingSystemsProduction_v638/03_S04TrimScrapSystem/Original/front.png"
"ABFCE1A8A1B8C9180CC21BD09986A024B7E289708A4B3364D870366011D515BC","2","579134","579134","Candidate/PressTrains/TrainA/MeshySupportingSystemsReferences_v634/Asset03_S04TrimScrapSystem/front.png"
"B0DA8BF745805892D90CCF0DDA65AE038F31270579EB002556497A2AC285CC94","2","448613","448613","Candidate/PressTrains/TrainA/Meshy6SupportingSystemsProduction_v641/06_PoweredRollerConveyor/Original/front.png"
"B0DA8BF745805892D90CCF0DDA65AE038F31270579EB002556497A2AC285CC94","2","448613","448613","Candidate/PressTrains/TrainA/MeshySupportingSystemsReferences_v634/Asset10_PoweredRollerConveyor/front.png"
"B1F638EEF060DE3844F482469A33CC22491AF6E8B4C7EC8E3906ACADF3AC992D","2","6282","6282","Candidate/PressTrains/Shared/Meshy6PressUnloadRobot_v719/task_complete.json"
"B1F638EEF060DE3844F482469A33CC22491AF6E8B4C7EC8E3906ACADF3AC992D","2","6282","6282","Candidate/PressTrains/Shared/Meshy6PressUnloadRobot_v719/task_latest.json"
"B831C4BE6245BD4C3ADFD55DFBD71590135E7658618B259B0F51F7B071D8468B","6","6247","31235","Robots/LB_MR01_MaintenanceRobot/Validation/Candidate_v003/LB_MR01_Phase2_ToolAttachments_v003.json"
"B831C4BE6245BD4C3ADFD55DFBD71590135E7658618B259B0F51F7B071D8468B","6","6247","31235","Robots/LB_MR01_MaintenanceRobot/Validation/Candidate_v004/LB_MR01_Phase2_ToolAttachments_v004.json"
"B831C4BE6245BD4C3ADFD55DFBD71590135E7658618B259B0F51F7B071D8468B","6","6247","31235","Robots/LB_MR01_MaintenanceRobot/Validation/Candidate_v005/LB_MR01_Phase2_ToolAttachments_v005.json"
"B831C4BE6245BD4C3ADFD55DFBD71590135E7658618B259B0F51F7B071D8468B","6","6247","31235","Robots/LB_MR01_MaintenanceRobot/Validation/Candidate_v006/LB_MR01_Phase2_ToolAttachments_v006.json"
"B831C4BE6245BD4C3ADFD55DFBD71590135E7658618B259B0F51F7B071D8468B","6","6247","31235","Robots/LB_MR01_MaintenanceRobot/Validation/Candidate_v007/LB_MR01_Phase2_ToolAttachments_v007.json"
"B831C4BE6245BD4C3ADFD55DFBD71590135E7658618B259B0F51F7B071D8468B","6","6247","31235","Robots/LB_MR01_MaintenanceRobot/Validation/Candidate_v008/LB_MR01_Phase2_ToolAttachments_v008.json"
"B9A7275AF3E9104AF8B855D9A802CE0E07D2A3709FE00D68C34DFBCC72447F7A","2","131694","131694","Candidate/UI/ProductionFlowThumbnails_v001/Derived/T_LB_UI_PF_TransferPress_v001.png"
"B9A7275AF3E9104AF8B855D9A802CE0E07D2A3709FE00D68C34DFBCC72447F7A","2","131694","131694","Candidate/UI/ProductionFlowThumbnails_v002/Derived/T_LB_UI_PF_TransferPress_v002.png"
"B9EBA16D88F1BE9F876911A45155210193979A2DF8B7E8E478A46883B21ED64C","2","267060","267060","Candidate/PressTrains/TrainA/Meshy6SupportingSystemsProduction_v641/05_FlatPanelStillage/Original/front.png"
"B9EBA16D88F1BE9F876911A45155210193979A2DF8B7E8E478A46883B21ED64C","2","267060","267060","Candidate/PressTrains/TrainA/MeshySupportingSystemsReferences_v634/Asset09C_FlatStillage/front.png"
"BC91D6265490AD3228860D07E7C34FF46799E4D8DF3899E14BA2CDA75E4E2EFD","2","52844","52844","Candidate/PressTrains/TrainA/Audio_v001/PTA_GateInterlock_v001.wav"
"BC91D6265490AD3228860D07E7C34FF46799E4D8DF3899E14BA2CDA75E4E2EFD","2","52844","52844","Candidate/PressTrains/TrainA/Audio_v002/PTA_GateInterlock_v002.wav"
"BDEC798E950D120EF557FEE26130B0C7B47A613D8F6D3D842F25A2A2FED549F4","2","225728","225728","Candidate/PressTrains/Shared/MeshyIsolatedIntake_v625/Generated/Meshy6_v646/08_ElectricalCabinet/Original/rear.png"
"BDEC798E950D120EF557FEE26130B0C7B47A613D8F6D3D842F25A2A2FED549F4","2","225728","225728","Candidate/PressTrains/Shared/MeshyIsolatedIntake_v625/Prepared/Meshy6Views_v645/08_ElectricalCabinet/rear.png"
"C0101781F952F92C2052134A5A96AE77B327FC861F66FAC9C428D25071441C62","2","13532931","13532931","Reference/PressShop/RemainingMachineryPack_v1.0/CAIRNWELL_PRESS_SHOP_REMAINING_MACHINERY_PACK_v1.0/docs/PRESS_SHOP_REMAINING_MACHINERY_ENGINEERING_SPEC_v1.0.docx"
"C0101781F952F92C2052134A5A96AE77B327FC861F66FAC9C428D25071441C62","2","13532931","13532931","ReferencePacks/CAIRNWELL_PRESS_SHOP_REMAINING_MACHINERY_PACK_v1.0/docs/PRESS_SHOP_REMAINING_MACHINERY_ENGINEERING_SPEC_v1.0.docx"
"C21326221466D8DFBC9CA1784B9F21AA8E9824E7A46EF4B9D9A9203DAE9D7C21","2","2929","2929","PR009/AutomatedBlankStacker/Candidate_v001/04_MATERIAL_REQUIREMENTS.json"
"C21326221466D8DFBC9CA1784B9F21AA8E9824E7A46EF4B9D9A9203DAE9D7C21","2","2929","2929","PR009/AutomatedBlankStacker/Candidate_v002/04_MATERIAL_REQUIREMENTS.json"
"C225B1EC83A766C95EA5140C143AE90412F2EDB15D0E99A545E1F2077B5786AC","2","410632","410632","Candidate/PressTrains/TrainA/Meshy6SupportingSystemsProduction_v641/06_PoweredRollerConveyor/Original/right.png"
"C225B1EC83A766C95EA5140C143AE90412F2EDB15D0E99A545E1F2077B5786AC","2","410632","410632","Candidate/PressTrains/TrainA/MeshySupportingSystemsReferences_v634/Asset10_PoweredRollerConveyor/right.png"
"C235922D6AFD842ADF8DA79D4374B69AF989619F15A2B8895EE323DA4EA4D27A","2","2596","2596","Candidate/Vehicles/Cairnwell2040/FinishedVehicleVisual_Intake_v001/Build/render_review_views.py"
"C235922D6AFD842ADF8DA79D4374B69AF989619F15A2B8895EE323DA4EA4D27A","2","2596","2596","Candidate/WeldShop/VacuumPanelPickEOAT_Intake_v001/Build/render_review_views.py"
"C79D110E8874B5EE52D6FB9302C7C94889461D5927B9F33A5E1847B687CB34CC","2","492136","492136","Candidate/PressTrains/Shared/MeshyIsolatedIntake_v625/Generated/Meshy6_v646/01_RamSlide/Original/rear.png"
"C79D110E8874B5EE52D6FB9302C7C94889461D5927B9F33A5E1847B687CB34CC","2","492136","492136","Candidate/PressTrains/Shared/MeshyIsolatedIntake_v625/Prepared/Meshy6Views_v645/01_RamSlide/rear.png"
"C8063D6F79FD717638DC5337858547C0750BA418AE5F017AB7DE7F8BB99BD177","2","5959","5959","Candidate/PressTrains/TrainA/Meshy6SupportingSystemsProduction_v641/03_LargeTrimScrapBin/task_complete.json"
"C8063D6F79FD717638DC5337858547C0750BA418AE5F017AB7DE7F8BB99BD177","2","5959","5959","Candidate/PressTrains/TrainA/Meshy6SupportingSystemsProduction_v641/03_LargeTrimScrapBin/task_latest.json"
"C94983B596919F958F08B74088FCFBF7FF9D1AE0F831D3799546EDC080DD6368","2","543349","543349","Candidate/PressTrains/TrainA/Meshy6SupportingSystemsProduction_v641/01_DieChangeCart/Original/rear.png"
"C94983B596919F958F08B74088FCFBF7FF9D1AE0F831D3799546EDC080DD6368","2","543349","543349","Candidate/PressTrains/TrainA/MeshySupportingSystemsReferences_v634/Asset06_DieChangeCart/rear.png"
"C9E81614B40B39B19EF0D5C75DF9A7B28E852141FCFB472C68AD990EABD9B254","2","5959","5959","Candidate/PressTrains/TrainA/Meshy6SupportingSystemsProduction_v641/05_FlatPanelStillage/task_complete.json"
"C9E81614B40B39B19EF0D5C75DF9A7B28E852141FCFB472C68AD990EABD9B254","2","5959","5959","Candidate/PressTrains/TrainA/Meshy6SupportingSystemsProduction_v641/05_FlatPanelStillage/task_latest.json"
"D09A3D68DFFE53914870D06E0A10EAB67D128A2B990F0FA019698DEEAB7149A8","2","422482","422482","Candidate/PressTrains/TrainA/Meshy6SupportingSystemsProduction_v641/03_LargeTrimScrapBin/Original/left.png"
"D09A3D68DFFE53914870D06E0A10EAB67D128A2B990F0FA019698DEEAB7149A8","2","422482","422482","Candidate/PressTrains/TrainA/MeshySupportingSystemsReferences_v634/Asset09A_LargeStillage/left.png"
"D27F44C94AD30039F475B0C0608F6BC8FFEEEA9B0DAE785B7ECE005B88B4D3F7","2","759568","759568","Candidate/PressTrains/TrainA/Meshy6SupportingSystemsProduction_v638/04_S05SlugCollectionSystem/Original/rear.png"
"D27F44C94AD30039F475B0C0608F6BC8FFEEEA9B0DAE785B7ECE005B88B4D3F7","2","759568","759568","Candidate/PressTrains/TrainA/MeshySupportingSystemsReferences_v634/Asset04_S05SlugCollectionSystem/rear.png"
"D2A3F4BE28820FC45EA2D32E11E7981E47DEFE4F4F949697D9F99EA54C9B6C11","4","3339","10017","ControlRoom/MainControlRoom_v004/documentation/player_validation_camera_manifest.json"
"D2A3F4BE28820FC45EA2D32E11E7981E47DEFE4F4F949697D9F99EA54C9B6C11","4","3339","10017","ControlRoom/MainControlRoom_v005/documentation/player_validation_camera_manifest.json"
"D2A3F4BE28820FC45EA2D32E11E7981E47DEFE4F4F949697D9F99EA54C9B6C11","4","3339","10017","ControlRoom/MainControlRoom_v006/documentation/player_validation_camera_manifest.json"
"D2A3F4BE28820FC45EA2D32E11E7981E47DEFE4F4F949697D9F99EA54C9B6C11","4","3339","10017","ControlRoom/MainControlRoom_v034/documentation/player_validation_camera_manifest.json"
"D2A5B53FB658E6C0428D7C98219F6DF5EDFC9E5E30923CC07C0FE3163C352765","2","369888","369888","Candidate/PressTrains/Shared/MeshyIsolatedIntake_v625/Generated/Meshy6_v646/04_LeftAccessDoor/Original/rear.png"
"D2A5B53FB658E6C0428D7C98219F6DF5EDFC9E5E30923CC07C0FE3163C352765","2","369888","369888","Candidate/PressTrains/Shared/MeshyIsolatedIntake_v625/Prepared/Meshy6Views_v645/04_LeftAccessDoor/rear.png"
"D8195770214E10A2CF99A00527428311D725C3633818A73EF63C8B4FD0F91AAF","2","192044","192044","Candidate/PressTrains/TrainA/Audio_v001/PTA_WarningAlarm_Loop_v001.wav"
"D8195770214E10A2CF99A00527428311D725C3633818A73EF63C8B4FD0F91AAF","2","192044","192044","Candidate/PressTrains/TrainA/Audio_v002/PTA_WarningAlarm_Loop_v002.wav"
"D8EBA25DE5005F94772A1A466BC217F39DDEE42DB7410292CB0CC1BC038922FC","2","2463404","2463404","Reference/PressShop/RemainingMachineryPack_v1.0/CAIRNWELL_PRESS_SHOP_REMAINING_MACHINERY_PACK_v1.0/references/SHEET_00B_PRESS_SHOP_FRONT_END_AND_TRAINS_CONCEPT.png"
"D8EBA25DE5005F94772A1A466BC217F39DDEE42DB7410292CB0CC1BC038922FC","2","2463404","2463404","ReferencePacks/CAIRNWELL_PRESS_SHOP_REMAINING_MACHINERY_PACK_v1.0/references/SHEET_00B_PRESS_SHOP_FRONT_END_AND_TRAINS_CONCEPT.png"
"D9A95E6D87B03B9ED8526CB3C50847CE48F05E6551ED0716808EE1B960FFE0A3","2","523052","523052","Candidate/PressTrains/Shared/MeshyIsolatedIntake_v625/Generated/Meshy6_v646/02_UpperDie/Original/rear.png"
"D9A95E6D87B03B9ED8526CB3C50847CE48F05E6551ED0716808EE1B960FFE0A3","2","523052","523052","Candidate/PressTrains/Shared/MeshyIsolatedIntake_v625/Prepared/Meshy6Views_v645/02_UpperDie/rear.png"
"DA171DEA7CCC2E39E10876C40D0C76AFF7884FC4FA710DD804E848D4F0A7F7C2","2","434520","434520","Candidate/PressTrains/Shared/MeshyIsolatedIntake_v625/Generated/Meshy6_v646/10_FlywheelHousing/Original/rear.png"
"DA171DEA7CCC2E39E10876C40D0C76AFF7884FC4FA710DD804E848D4F0A7F7C2","2","434520","434520","Candidate/PressTrains/Shared/MeshyIsolatedIntake_v625/Prepared/Meshy6Views_v645/10_FlywheelHousing/rear.png"
"DB3F612075435842411F590CAC35AE3B63CD6B498776C3173C59AD91D404FC50","2","884","884","Reference/PressShop/RemainingMachineryPack_v1.0/CAIRNWELL_PRESS_SHOP_REMAINING_MACHINERY_PACK_v1.0/data/materials_and_decals.json"
"DB3F612075435842411F590CAC35AE3B63CD6B498776C3173C59AD91D404FC50","2","884","884","ReferencePacks/CAIRNWELL_PRESS_SHOP_REMAINING_MACHINERY_PACK_v1.0/data/materials_and_decals.json"
"DB7EC02CC4E2426D2D7F6B96E875D95D3C4F4D53153B190DCED07DBAA9DC25E4","2","145684","145684","Candidate/PressTrains/Shared/MeshyIsolatedIntake_v625/Generated/Meshy6_v646/10_FlywheelHousing/Original/right.png"
"DB7EC02CC4E2426D2D7F6B96E875D95D3C4F4D53153B190DCED07DBAA9DC25E4","2","145684","145684","Candidate/PressTrains/Shared/MeshyIsolatedIntake_v625/Prepared/Meshy6Views_v645/10_FlywheelHousing/right.png"
"DBB34FA4D45F444980C4360231B76D8CCF2CC510CDA4CC62CB2D660B3E18B1CD","2","843004","843004","Candidate/PressTrains/TrainA/Meshy6SupportingSystemsProduction_v641/02_HydraulicPowerUnit/Original/left.png"
"DBB34FA4D45F444980C4360231B76D8CCF2CC510CDA4CC62CB2D660B3E18B1CD","2","843004","843004","Candidate/PressTrains/TrainA/MeshySupportingSystemsReferences_v634/Asset07_HydraulicPowerUnit/left.png"
"DC87E78AFDD065AB8B370E8F6B806B39932E503A7F8FD742073D4C801FD62A6B","2","5959","5959","Candidate/PressTrains/TrainA/Meshy6SupportingSystemsProduction_v641/02_HydraulicPowerUnit/task_complete.json"
"DC87E78AFDD065AB8B370E8F6B806B39932E503A7F8FD742073D4C801FD62A6B","2","5959","5959","Candidate/PressTrains/TrainA/Meshy6SupportingSystemsProduction_v641/02_HydraulicPowerUnit/task_latest.json"
"DCB46CE8C6D6818A42DCB991220190C92E130F2A83659C034FA6D5170EC56F70","2","442723","442723","Candidate/PressTrains/TrainA/Meshy6SupportingSystemsProduction_v641/06_PoweredRollerConveyor/Original/rear.png"
"DCB46CE8C6D6818A42DCB991220190C92E130F2A83659C034FA6D5170EC56F70","2","442723","442723","Candidate/PressTrains/TrainA/MeshySupportingSystemsReferences_v634/Asset10_PoweredRollerConveyor/rear.png"
"DE854397A34CD63325577FB2B6C266E40DDB19B58A173B13C2039997B3B0064C","2","298976","298976","Candidate/PressTrains/Shared/MeshyIsolatedIntake_v625/Generated/Meshy6_v646/02_UpperDie/Original/left.png"
"DE854397A34CD63325577FB2B6C266E40DDB19B58A173B13C2039997B3B0064C","2","298976","298976","Candidate/PressTrains/Shared/MeshyIsolatedIntake_v625/Prepared/Meshy6Views_v645/02_UpperDie/left.png"
"E0A72EC713A0D3378B8AC1262ADC10520A9FA67C3E6944990E6EA4785C23E046","3","6045","12090","Robots/LB_MR01_MaintenanceRobot/Validation/Candidate_v010/LB_MR01_Phase3_ModuleAudit_v010.json"
"E0A72EC713A0D3378B8AC1262ADC10520A9FA67C3E6944990E6EA4785C23E046","3","6045","12090","Robots/LB_MR01_MaintenanceRobot/Validation/Candidate_v011/LB_MR01_Phase3_ModuleAudit_v011.json"
"E0A72EC713A0D3378B8AC1262ADC10520A9FA67C3E6944990E6EA4785C23E046","3","6045","12090","Robots/LB_MR01_MaintenanceRobot/Validation/Candidate_v012/LB_MR01_Phase3_ModuleAudit_v012.json"
"E34941759B41065C4ACC28F942DAE270FE598356FBAED5094173033E46A7C3DE","2","212914","212914","Candidate/PressTrains/TrainA/Meshy6SupportingSystemsProduction_v641/04_SmallSlugBin/Original/left.png"
"E34941759B41065C4ACC28F942DAE270FE598356FBAED5094173033E46A7C3DE","2","212914","212914","Candidate/PressTrains/TrainA/MeshySupportingSystemsReferences_v634/Asset09B_SmallStillage/left.png"
"E3B0C44298FC1C149AFBF4C8996FB92427AE41E4649B934CA495991B7852B855","26","0","0","Candidate/Vehicles/Cairnwell2040/PanelPack_v001/Audit/Logs/automotive_skeleton.err.log"
"E3B0C44298FC1C149AFBF4C8996FB92427AE41E4649B934CA495991B7852B855","26","0","0","Candidate/Vehicles/Cairnwell2040/PanelPack_v001/Review/Logs/automotive_skeleton.render.err.log"
"E3B0C44298FC1C149AFBF4C8996FB92427AE41E4649B934CA495991B7852B855","26","0","0","Candidate/Vehicles/Cairnwell2040/PanelPack_v001/Review/Logs/bumper_front.render.err.log"
"E3B0C44298FC1C149AFBF4C8996FB92427AE41E4649B934CA495991B7852B855","26","0","0","Candidate/Vehicles/Cairnwell2040/PanelPack_v001/Review/Logs/bumper_rear.render.err.log"
"E3B0C44298FC1C149AFBF4C8996FB92427AE41E4649B934CA495991B7852B855","26","0","0","Candidate/Vehicles/Cairnwell2040/PanelPack_v001/Review/Logs/door_front_left.iso.err.log"
"E3B0C44298FC1C149AFBF4C8996FB92427AE41E4649B934CA495991B7852B855","26","0","0","Candidate/Vehicles/Cairnwell2040/PanelPack_v001/Review/Logs/door_front_right.err.log"
"E3B0C44298FC1C149AFBF4C8996FB92427AE41E4649B934CA495991B7852B855","26","0","0","Candidate/Vehicles/Cairnwell2040/PanelPack_v001/Review/Logs/door_front_right.iso.err.log"
"E3B0C44298FC1C149AFBF4C8996FB92427AE41E4649B934CA495991B7852B855","26","0","0","Candidate/Vehicles/Cairnwell2040/PanelPack_v001/Review/Logs/door_rear_left.err.log"
"E3B0C44298FC1C149AFBF4C8996FB92427AE41E4649B934CA495991B7852B855","26","0","0","Candidate/Vehicles/Cairnwell2040/PanelPack_v001/Review/Logs/door_rear_right.err.log"
"E3B0C44298FC1C149AFBF4C8996FB92427AE41E4649B934CA495991B7852B855","26","0","0","Candidate/Vehicles/Cairnwell2040/PanelPack_v001/Review/Logs/door_rear_right.iso.err.log"
"E3B0C44298FC1C149AFBF4C8996FB92427AE41E4649B934CA495991B7852B855","26","0","0","Candidate/Vehicles/Cairnwell2040/PanelPack_v001/Review/Logs/emerald_horizon.render.err.log"
"E3B0C44298FC1C149AFBF4C8996FB92427AE41E4649B934CA495991B7852B855","26","0","0","Candidate/Vehicles/Cairnwell2040/PanelPack_v001/Review/Logs/fender_front_left.err.log"
"E3B0C44298FC1C149AFBF4C8996FB92427AE41E4649B934CA495991B7852B855","26","0","0","Candidate/Vehicles/Cairnwell2040/PanelPack_v001/Review/Logs/fender_front_right.iso.err.log"
"E3B0C44298FC1C149AFBF4C8996FB92427AE41E4649B934CA495991B7852B855","26","0","0","Candidate/Vehicles/Cairnwell2040/PanelPack_v001/Review/Logs/fender_front_right.render.err.log"
"E3B0C44298FC1C149AFBF4C8996FB92427AE41E4649B934CA495991B7852B855","26","0","0","Candidate/Vehicles/Cairnwell2040/PanelPack_v001/Review/Logs/finished_car_reference.render.err.log"
"E3B0C44298FC1C149AFBF4C8996FB92427AE41E4649B934CA495991B7852B855","26","0","0","Candidate/Vehicles/Cairnwell2040/PanelPack_v001/Review/Logs/hood_panel.render.err.log"
"E3B0C44298FC1C149AFBF4C8996FB92427AE41E4649B934CA495991B7852B855","26","0","0","Candidate/Vehicles/Cairnwell2040/PanelPack_v001/Review/Logs/quarter_panel_left.iso.err.log"
"E3B0C44298FC1C149AFBF4C8996FB92427AE41E4649B934CA495991B7852B855","26","0","0","Candidate/Vehicles/Cairnwell2040/PanelPack_v001/Review/Logs/quarter_panel_left.render.err.log"
"E3B0C44298FC1C149AFBF4C8996FB92427AE41E4649B934CA495991B7852B855","26","0","0","Candidate/Vehicles/Cairnwell2040/PanelPack_v001/Review/Logs/quarter_panel_right.iso.err.log"
"E3B0C44298FC1C149AFBF4C8996FB92427AE41E4649B934CA495991B7852B855","26","0","0","Candidate/Vehicles/Cairnwell2040/PanelPack_v001/Review/Logs/quarter_panel_right.render.err.log"
"E3B0C44298FC1C149AFBF4C8996FB92427AE41E4649B934CA495991B7852B855","26","0","0","Candidate/Vehicles/Cairnwell2040/PanelPack_v001/Review/Logs/roof_panel.render.err.log"
"E3B0C44298FC1C149AFBF4C8996FB92427AE41E4649B934CA495991B7852B855","26","0","0","Candidate/Vehicles/Cairnwell2040/PanelPack_v001/Review/Logs/shell_chassis.render.err.log"
"E3B0C44298FC1C149AFBF4C8996FB92427AE41E4649B934CA495991B7852B855","26","0","0","Candidate/Vehicles/Cairnwell2040/PanelPack_v001/Review/Logs/tailgate_panel.render.err.log"
"E3B0C44298FC1C149AFBF4C8996FB92427AE41E4649B934CA495991B7852B855","26","0","0","Candidate/WeldShop/WeldRobotRuntime_v001/Audit/validate_stderr.log"
"E3B0C44298FC1C149AFBF4C8996FB92427AE41E4649B934CA495991B7852B855","26","0","0","PR009/AutomatedBlankStacker/Candidate_v002/PR009_Audits/v002/blender_build_v002.stderr.log"
"E3B0C44298FC1C149AFBF4C8996FB92427AE41E4649B934CA495991B7852B855","26","0","0","Robots/LB_MR01_MaintenanceRobot/Validation/Candidate_v013/_wheel_authority_validation_stderr_2.log"
"E3C0DF95F4563880C046E0AD90303D2A5FA312DAE448893391241DB5469D8FFB","2","146612","146612","Candidate/PressTrains/Shared/MeshyIsolatedIntake_v625/Generated/Meshy6_v646/05_RightAccessDoor/Original/right.png"
"E3C0DF95F4563880C046E0AD90303D2A5FA312DAE448893391241DB5469D8FFB","2","146612","146612","Candidate/PressTrains/Shared/MeshyIsolatedIntake_v625/Prepared/Meshy6Views_v645/05_RightAccessDoor/right.png"
"E49171C012369525749C9B27D82712A6A89D2FB26F83C1003AA2A6DA0590269D","2","91154","91154","Candidate/PressTrains/Shared/MeshyIsolatedIntake_v625/Generated/Meshy6_v646/09_OperatorHMI/Original/right.png"
"E49171C012369525749C9B27D82712A6A89D2FB26F83C1003AA2A6DA0590269D","2","91154","91154","Candidate/PressTrains/Shared/MeshyIsolatedIntake_v625/Prepared/Meshy6Views_v645/09_OperatorHMI/right.png"
"E66957253E511F7BDE0521AC807E5BF3FEC77348769327B738A990CB6286F205","2","900015","900015","Candidate/PressTrains/TrainA/Meshy6SupportingSystemsProduction_v641/02_HydraulicPowerUnit/Original/front.png"
"E66957253E511F7BDE0521AC807E5BF3FEC77348769327B738A990CB6286F205","2","900015","900015","Candidate/PressTrains/TrainA/MeshySupportingSystemsReferences_v634/Asset07_HydraulicPowerUnit/front.png"
"E69BF1B26342393840B41FBF3BDBB24B4D35DD9E3B25EDB5AD7C1A89348062B3","2","1658614","1658614","Reference/PressShop/RemainingMachineryPack_v1.0/CAIRNWELL_PRESS_SHOP_REMAINING_MACHINERY_PACK_v1.0/visuals/SHEET_03_PR010_ENGINEERING_REFERENCE_4K.png"
"E69BF1B26342393840B41FBF3BDBB24B4D35DD9E3B25EDB5AD7C1A89348062B3","2","1658614","1658614","ReferencePacks/CAIRNWELL_PRESS_SHOP_REMAINING_MACHINERY_PACK_v1.0/visuals/SHEET_03_PR010_ENGINEERING_REFERENCE_4K.png"
"E6D0D6AF2EC58D416F6FA0B0AC764643E69330559CF69EBFD84CAF2F9B105A7D","2","7991","7991","Reference/PressShop/RemainingMachineryPack_v1.0/CAIRNWELL_PRESS_SHOP_REMAINING_MACHINERY_PACK_v1.0/data/moving_parts_and_pivots.csv"
"E6D0D6AF2EC58D416F6FA0B0AC764643E69330559CF69EBFD84CAF2F9B105A7D","2","7991","7991","ReferencePacks/CAIRNWELL_PRESS_SHOP_REMAINING_MACHINERY_PACK_v1.0/data/moving_parts_and_pivots.csv"
"E784D02099EF58D74D292A87A376028A9E88ACD7360E0296EA99FFCB74EF4FFB","2","116655","116655","Candidate/PressTrains/Shared/MeshyIsolatedIntake_v625/Generated/Meshy6_v646/07_InterlockedGate/Original/right.png"
"E784D02099EF58D74D292A87A376028A9E88ACD7360E0296EA99FFCB74EF4FFB","2","116655","116655","Candidate/PressTrains/Shared/MeshyIsolatedIntake_v625/Prepared/Meshy6Views_v645/07_InterlockedGate/right.png"
"E847575DFA8E8EC288EB22BF48377B1F0ECACC8B522B648DF06320D92640FAA3","2","272220","272220","PR009/AutomatedBlankStacker/Candidate_v002/PR009_Audits/v002/PR009_SK_BINDING_MANIFEST_v002.json"
"E847575DFA8E8EC288EB22BF48377B1F0ECACC8B522B648DF06320D92640FAA3","2","272220","272220","PR009/AutomatedBlankStacker/Candidate_v002/PR009_Audits/v002/repro_build_a_binding_manifest.tmp.json"
"E89587689A6D6E56F2CBB723E9786BF3C705B75CF9500810E28A24E98320CF25","2","15976787","15976787","Candidate/FactoryLogistics/PoweredConveyor_v001/Authorities/MeshyPoweredRoller_Cleaned_v639__SM_CA_MW_PT_PoweredRollerConveyor_Master_v639.blend"
"E89587689A6D6E56F2CBB723E9786BF3C705B75CF9500810E28A24E98320CF25","2","15976787","15976787","Candidate/PressTrains/TrainA/Meshy6SupportingSystemsProduction_v641/06_PoweredRollerConveyor/Cleaned_v644/SM_CA_MW_PT_PoweredRollerConveyor_Master_v639.blend"
"E914B105882392C8F176E89D3538BD7EBF11D9F85932931449CD244789E9831F","15","547","7658","Candidate/Vehicles/Cairnwell2040/PanelPack_v001/Audit/Logs/bumper_front.err.log"
"E914B105882392C8F176E89D3538BD7EBF11D9F85932931449CD244789E9831F","15","547","7658","Candidate/Vehicles/Cairnwell2040/PanelPack_v001/Audit/Logs/bumper_rear.err.log"
"E914B105882392C8F176E89D3538BD7EBF11D9F85932931449CD244789E9831F","15","547","7658","Candidate/Vehicles/Cairnwell2040/PanelPack_v001/Audit/Logs/door_front_left.err.log"
"E914B105882392C8F176E89D3538BD7EBF11D9F85932931449CD244789E9831F","15","547","7658","Candidate/Vehicles/Cairnwell2040/PanelPack_v001/Audit/Logs/door_front_right.err.log"
"E914B105882392C8F176E89D3538BD7EBF11D9F85932931449CD244789E9831F","15","547","7658","Candidate/Vehicles/Cairnwell2040/PanelPack_v001/Audit/Logs/door_rear_left.err.log"
"E914B105882392C8F176E89D3538BD7EBF11D9F85932931449CD244789E9831F","15","547","7658","Candidate/Vehicles/Cairnwell2040/PanelPack_v001/Audit/Logs/door_rear_right.err.log"
"E914B105882392C8F176E89D3538BD7EBF11D9F85932931449CD244789E9831F","15","547","7658","Candidate/Vehicles/Cairnwell2040/PanelPack_v001/Audit/Logs/emerald_horizon.err.log"
"E914B105882392C8F176E89D3538BD7EBF11D9F85932931449CD244789E9831F","15","547","7658","Candidate/Vehicles/Cairnwell2040/PanelPack_v001/Audit/Logs/fender_front_left.err.log"
"E914B105882392C8F176E89D3538BD7EBF11D9F85932931449CD244789E9831F","15","547","7658","Candidate/Vehicles/Cairnwell2040/PanelPack_v001/Audit/Logs/fender_front_right.err.log"
"E914B105882392C8F176E89D3538BD7EBF11D9F85932931449CD244789E9831F","15","547","7658","Candidate/Vehicles/Cairnwell2040/PanelPack_v001/Audit/Logs/hood_panel.err.log"
"E914B105882392C8F176E89D3538BD7EBF11D9F85932931449CD244789E9831F","15","547","7658","Candidate/Vehicles/Cairnwell2040/PanelPack_v001/Audit/Logs/quarter_panel_left.err.log"
"E914B105882392C8F176E89D3538BD7EBF11D9F85932931449CD244789E9831F","15","547","7658","Candidate/Vehicles/Cairnwell2040/PanelPack_v001/Audit/Logs/quarter_panel_right.err.log"
"E914B105882392C8F176E89D3538BD7EBF11D9F85932931449CD244789E9831F","15","547","7658","Candidate/Vehicles/Cairnwell2040/PanelPack_v001/Audit/Logs/roof_panel.err.log"
"E914B105882392C8F176E89D3538BD7EBF11D9F85932931449CD244789E9831F","15","547","7658","Candidate/Vehicles/Cairnwell2040/PanelPack_v001/Audit/Logs/shell_chassis.err.log"
"E914B105882392C8F176E89D3538BD7EBF11D9F85932931449CD244789E9831F","15","547","7658","Candidate/Vehicles/Cairnwell2040/PanelPack_v001/Audit/Logs/tailgate_panel.err.log"
"E99CE040D4A3682DD6E9C667834245AC15DF20E5BAD18BE3E534C5720465DBB1","2","4085603","4085603","Candidate/PaintShop/EDLineAssembly/Renders/01_LB_EDLine_Combined_Blockout_OverallIso.png"
"E99CE040D4A3682DD6E9C667834245AC15DF20E5BAD18BE3E534C5720465DBB1","2","4085603","4085603","Candidate/UI/ProductionFlowThumbnails_v001/Authority/06_EDCoat_authority.png"
"EA12249AD942CC2C684B749F9F62A4BEB00B674BB4FF3B689ED5AB871A3EA58E","2","708775","708775","Candidate/PressTrains/Shared/MeshyIsolatedIntake_v625/Generated/Meshy6_v646/11_FlywheelRotorShaft/Original/rear.png"
"EA12249AD942CC2C684B749F9F62A4BEB00B674BB4FF3B689ED5AB871A3EA58E","2","708775","708775","Candidate/PressTrains/Shared/MeshyIsolatedIntake_v625/Prepared/Meshy6Views_v645/11_FlywheelRotorShaft/rear.png"
"EDE822A23AAA7345D6F73995115415AA8EA73A5DE9FB38404961C1F4CBDB6089","2","15950","15950","Reference/PressShop/RemainingMachineryPack_v1.0/CAIRNWELL_PRESS_SHOP_REMAINING_MACHINERY_PACK_v1.0/references/cairnwell_logo.png"
"EDE822A23AAA7345D6F73995115415AA8EA73A5DE9FB38404961C1F4CBDB6089","2","15950","15950","ReferencePacks/CAIRNWELL_PRESS_SHOP_REMAINING_MACHINERY_PACK_v1.0/references/cairnwell_logo.png"
"EF40402501B5BE4E2879EBEA8BD8C4F0987A4365A977627EA3D7044EAF199056","2","1302142","1302142","Reference/PressShop/RemainingMachineryPack_v1.0/CAIRNWELL_PRESS_SHOP_REMAINING_MACHINERY_PACK_v1.0/visuals/SHEET_06_PRESS_TRAIN_B_4K.png"
"EF40402501B5BE4E2879EBEA8BD8C4F0987A4365A977627EA3D7044EAF199056","2","1302142","1302142","ReferencePacks/CAIRNWELL_PRESS_SHOP_REMAINING_MACHINERY_PACK_v1.0/visuals/SHEET_06_PRESS_TRAIN_B_4K.png"
"EF9D0BC67A4F0C2C003AB43E6EA9B139B6AE2E2F2A743FDBADF3D1B5802A32AA","4","136304","408912","ControlRoom/MainControlRoom_v004/documentation/interaction_surface_manifest.json"
"EF9D0BC67A4F0C2C003AB43E6EA9B139B6AE2E2F2A743FDBADF3D1B5802A32AA","4","136304","408912","ControlRoom/MainControlRoom_v005/documentation/interaction_surface_manifest.json"
"EF9D0BC67A4F0C2C003AB43E6EA9B139B6AE2E2F2A743FDBADF3D1B5802A32AA","4","136304","408912","ControlRoom/MainControlRoom_v006/documentation/interaction_surface_manifest.json"
"EF9D0BC67A4F0C2C003AB43E6EA9B139B6AE2E2F2A743FDBADF3D1B5802A32AA","4","136304","408912","ControlRoom/MainControlRoom_v034/documentation/interaction_surface_manifest.json"
"F15D32B1BE05DF80800DB009F350495510205FCD46E04244B6E1155F57AA8FC0","6","8060","40300","Candidate/Vehicles/Cairnwell2040/ChassisFrameUnderbody_Intake_v001/Build/audit_chassis_blend.py"
"F15D32B1BE05DF80800DB009F350495510205FCD46E04244B6E1155F57AA8FC0","6","8060","40300","Candidate/Vehicles/Cairnwell2040/FinishedVehicleVisual_Intake_v001/Build/audit_blend_file.py"
"F15D32B1BE05DF80800DB009F350495510205FCD46E04244B6E1155F57AA8FC0","6","8060","40300","Candidate/WeldShop/PanelStillage_ThreeHigh_Intake_v001/Build/audit_blend_file.py"
"F15D32B1BE05DF80800DB009F350495510205FCD46E04244B6E1155F57AA8FC0","6","8060","40300","Candidate/WeldShop/SpotRobot_v002/Build/audit_blend_file.py"
"F15D32B1BE05DF80800DB009F350495510205FCD46E04244B6E1155F57AA8FC0","6","8060","40300","Candidate/WeldShop/VacuumPanelPickEOAT_Intake_v001/Build/audit_blend_file.py"
"F15D32B1BE05DF80800DB009F350495510205FCD46E04244B6E1155F57AA8FC0","6","8060","40300","Candidate/WeldShop/VisionQualityGate_Intake_v001/Build/audit_blend_file.py"
"F1ED12E575849EC17B181E1EFD7C4C572E1BDA2F13D393228314239B03D6E49F","2","5959","5959","Candidate/PressTrains/Shared/MeshyIsolatedIntake_v625/Generated/Meshy6_v646/02_UpperDie/task_complete.json"
"F1ED12E575849EC17B181E1EFD7C4C572E1BDA2F13D393228314239B03D6E49F","2","5959","5959","Candidate/PressTrains/Shared/MeshyIsolatedIntake_v625/Generated/Meshy6_v646/02_UpperDie/task_latest.json"
"F2A57B4B0E1F09D0CDCF36AE3D8D7652F4C7FD04BFA67CC09D18FCAC5B11B614","2","5959","5959","Candidate/PressTrains/Shared/MeshyIsolatedIntake_v625/Generated/Meshy6_v646/07_InterlockedGate/task_complete.json"
"F2A57B4B0E1F09D0CDCF36AE3D8D7652F4C7FD04BFA67CC09D18FCAC5B11B614","2","5959","5959","Candidate/PressTrains/Shared/MeshyIsolatedIntake_v625/Generated/Meshy6_v646/07_InterlockedGate/task_latest.json"
"F2DD43C0A60FCB90A955882658023003B4B8E14E476690EA7A0EA4FADF4A0003","2","300977","300977","Candidate/PressTrains/Shared/MeshyIsolatedIntake_v625/Generated/Meshy6_v646/02_UpperDie/Original/right.png"
"F2DD43C0A60FCB90A955882658023003B4B8E14E476690EA7A0EA4FADF4A0003","2","300977","300977","Candidate/PressTrains/Shared/MeshyIsolatedIntake_v625/Prepared/Meshy6Views_v645/02_UpperDie/right.png"
"F2F4C717585532714A77EAD0324A798AEA8BC4F2C9ACE571D91035D486ED3CCF","2","614","614","PR009/AutomatedBlankStacker/Candidate_v001/PR009_Source/build_pr009_v001.ps1"
"F2F4C717585532714A77EAD0324A798AEA8BC4F2C9ACE571D91035D486ED3CCF","2","614","614","PR009/AutomatedBlankStacker/Candidate_v002/PR009_Source/build_pr009_v001.ps1"
"F3BA9C6E7D04BA438BA5F95F773AB6D0A488268156C082F40B5023AC11C985E1","2","417881","417881","Candidate/PressTrains/Shared/MeshyIsolatedIntake_v625/Generated/Meshy6_v646/06_FixedSafetyFence/Original/rear.png"
"F3BA9C6E7D04BA438BA5F95F773AB6D0A488268156C082F40B5023AC11C985E1","2","417881","417881","Candidate/PressTrains/Shared/MeshyIsolatedIntake_v625/Prepared/Meshy6Views_v645/06_FixedSafetyFence/rear.png"
"F46C26A61B24873E39A92AC5F6A2BFDEADCEE7157258F6AE8FC951AE7F2021C1","2","778","778","Reference/PressShop/RemainingMachineryPack_v1.0/CAIRNWELL_PRESS_SHOP_REMAINING_MACHINERY_PACK_v1.0/data/README_DATA_AUTHORITY.md"
"F46C26A61B24873E39A92AC5F6A2BFDEADCEE7157258F6AE8FC951AE7F2021C1","2","778","778","ReferencePacks/CAIRNWELL_PRESS_SHOP_REMAINING_MACHINERY_PACK_v1.0/data/README_DATA_AUTHORITY.md"
"F503CA523B702D6CB1BCEE42BE6886942CFD09C11FD98317A061089AE92EC80E","2","149679","149679","Candidate/PressTrains/Shared/MeshyIsolatedIntake_v625/Generated/Meshy6_v646/04_LeftAccessDoor/Original/left.png"
"F503CA523B702D6CB1BCEE42BE6886942CFD09C11FD98317A061089AE92EC80E","2","149679","149679","Candidate/PressTrains/Shared/MeshyIsolatedIntake_v625/Prepared/Meshy6Views_v645/04_LeftAccessDoor/left.png"
"F7A7BAB641B283F926E21B13C74D6D89776965B851A25766B3C2ECD1874FFA3F","2","426919","426919","Candidate/PressTrains/Shared/MeshyIsolatedIntake_v625/Generated/Meshy6_v646/03_LowerDie/Original/front.png"
"F7A7BAB641B283F926E21B13C74D6D89776965B851A25766B3C2ECD1874FFA3F","2","426919","426919","Candidate/PressTrains/Shared/MeshyIsolatedIntake_v625/Prepared/Meshy6Views_v645/03_LowerDie/front.png"
"F7B65F60B9E1E2BE6D8DC9009B2546E17870B37D7BDCE3BDC22E752BB30BA9D3","2","612351","612351","Candidate/PressTrains/TrainA/Meshy6SupportingSystemsProduction_v638/05_S07InspectUnloadCell/Original/right.png"
"F7B65F60B9E1E2BE6D8DC9009B2546E17870B37D7BDCE3BDC22E752BB30BA9D3","2","612351","612351","Candidate/PressTrains/TrainA/MeshySupportingSystemsReferences_v634/Asset05_S07InspectUnloadCell/right.png"
"FCCC5D5CFB07D725BC7342887B1976C5A9324591B173C45614DE62454EE995FA","2","1410766","1410766","Candidate/PressShop/FinishedPanelStillage/Renders/FP_STILLAGE_ModularGuides_v004_three-quarter.png"
"FCCC5D5CFB07D725BC7342887B1976C5A9324591B173C45614DE62454EE995FA","2","1410766","1410766","Candidate/UI/ProductionFlowThumbnails_v001/Authority/04_PanelStillages_authority.png"
"FCE350D15713C508D2F3E0273BA15E0CB8849A7B20CBE9330F081BED88015BAF","2","831408","831408","Candidate/PressTrains/TrainA/Meshy6SupportingSystemsProduction_v638/01_S01DestackBlankFeed/Original/rear.png"
"FCE350D15713C508D2F3E0273BA15E0CB8849A7B20CBE9330F081BED88015BAF","2","831408","831408","Candidate/PressTrains/TrainA/MeshySupportingSystemsReferences_v634/Asset01_S01DestackBlankFeed/rear.png"
"FD35C52EB2BD43E270FB76577150CDE78CC90763B8517E8B753A403E4B78087E","2","283094","283094","Candidate/PressShop/MeshyTrial_S03_v001/S03_front_clean_reference.png"
"FD35C52EB2BD43E270FB76577150CDE78CC90763B8517E8B753A403E4B78087E","2","283094","283094","Candidate/PressShop/MeshyTrial_S03_v001/S03_front_orthographic.png"
"FDD8FB83BF5AE681EB87C7CC79A473DD52A27ACEAF55F24CC48091F773CADCB8","2","147839","147839","Candidate/PressTrains/Shared/MeshyIsolatedIntake_v625/Generated/Meshy6_v646/04_LeftAccessDoor/Original/right.png"
"FDD8FB83BF5AE681EB87C7CC79A473DD52A27ACEAF55F24CC48091F773CADCB8","2","147839","147839","Candidate/PressTrains/Shared/MeshyIsolatedIntake_v625/Prepared/Meshy6Views_v645/04_LeftAccessDoor/right.png"
