"relative_path","folder","bytes","last_write_utc","sha256"
"Audio/PR005/Candidate_v001/audio_manifest_v001.json","Audio/PR005/Candidate_v001","3798","2026-08-01T13:27:19.6235318Z","7EF31925BBD38306C943046905BEDC93CCCDA1B9B7AB87964189CFE8710728DD"
"Brand/Cairnwell/cairnwell_primary_logo_candidate_v001_manifest.json","Brand/Cairnwell","1156","2026-08-03T06:02:43.4957657Z","8FF8DFA6891FE8EB3F671581C5BE227D770B62A40CB8CC19044C164D5E594B59"
"Brand/Cairnwell/RobotPlates/cairnwell_pr004_robot_plate_v001_manifest.json","Brand/Cairnwell/RobotPlates","1055","2026-08-03T06:11:04.1437602Z","CC23FB9C551C161D40C0E9BA56519954C8A1E96A5A7AEAE174D8C29EEA44837F"
"Brand/Candidate_v001/manifest.json","Brand/Candidate_v001","692","2026-08-02T21:19:29.3074539Z","CCE29C45F33419E54B2E9F3A479A1D30A96361F21139A2148325707007D2A06B"
"Brand/Candidate_v001/PR005_HMI/DisplaySurface_v001/manifest.json","Brand/Candidate_v001/PR005_HMI/DisplaySurface_v001","740","2026-08-02T22:24:47.2050248Z","699F0B6D4E5A0B28F5F651287677D9F4A41AACE3D1057B45C3E7802465BCCA15"
"Brand/Candidate_v001/PR005_Plaque/manifest.json","Brand/Candidate_v001/PR005_Plaque","915","2026-08-02T21:54:00.2437001Z","86AC88D8D4F14807073E04C5E57BE91F82DE46E3CD3C5DB71D19A3EF6856297F"
"Candidate/FactoryLogistics/PoweredConveyor_v001/manifest.json","Candidate/FactoryLogistics/PoweredConveyor_v001","23500","2026-08-11T19:26:57.7634452Z","0E7AE4C9DAA9390530EED01A27D7C6B14E60636826C8CF16FA891E0816E0136E"
"Candidate/Logistics/CompactForkliftAGV/Audit/implementation_manifest_v003.json","Candidate/Logistics/CompactForkliftAGV/Audit","6590","2026-08-11T07:12:36.9269093Z","371527372D97137E28E353AA656639E96DFF2397FF11323F3F142C3A496C1F76"
"Candidate/PaintShop/EDCarrierHanger/Authority_v001/authority_manifest_v001.json","Candidate/PaintShop/EDCarrierHanger/Authority_v001","3340","2026-08-11T15:57:48.6969435Z","59A41615FFA78E261FB093A9B30F32CA31EE6870A82AE14D4B3698B5182C0E15"
"Candidate/PaintShop/EDCuringOven/Audit/implementation_manifest.json","Candidate/PaintShop/EDCuringOven/Audit","6280","2026-08-11T12:00:21.1026050Z","4360397B7D739F880B9B720CAB7BFA8DEA227956BA8564709821C6786F9FB0BD"
"Candidate/PaintShop/EDLineAssembly/implementation_manifest.json","Candidate/PaintShop/EDLineAssembly","7387","2026-08-11T12:35:40.6726572Z","52AC4867672884FC320DAAC179A33F34F286AE75C0F76317B1ED67CC3F2B6F46"
"Candidate/PaintShop/EDLineRuntime_Candidate_v001/modular_export_manifest_v001.json","Candidate/PaintShop/EDLineRuntime_Candidate_v001","30243","2026-08-11T13:03:04.4361871Z","0CCA0D9676B33972BE881044440CC88D0BB83E6AAF2C11EF6ACDDBC8A5319107"
"Candidate/PaintShop/EDTreatmentTank/authority_manifest.json","Candidate/PaintShop/EDTreatmentTank","3348","2026-08-11T12:15:21.7215605Z","69A80058D6BDC8F06FA061C0A092D7B4BC00F5786917AA6EBDE0800C55BCD191"
"Candidate/PressShop/BlankStackAGV/ProDesignPack_v20260809_v823/BLANK_STACK_AGV_AUTHORITY_MANIFEST_v823.json","Candidate/PressShop/BlankStackAGV/ProDesignPack_v20260809_v823","2117","2026-08-09T15:11:10.1433284Z","8123D12A8B2EC403DEA244E21541A6E5E21628B1C56BA24B32E34425ACC3468D"
"Candidate/PressShop/FinishedPanelStillage/Audit/implementation_manifest_v004.json","Candidate/PressShop/FinishedPanelStillage/Audit","10086","2026-08-11T06:43:44.0087296Z","5341EE4740A26C0B6CE0C63F1FEB0BC49CE1B06B22C8C07CAB109A401A88C837"
"Candidate/PressShop/InboundCoilDelivery/AnimatedLorry_v001/CA_MW_Inbound_AnimatedLorry_v001_manifest.json","Candidate/PressShop/InboundCoilDelivery/AnimatedLorry_v001","1453","2026-08-08T05:39:06.3787787Z","1BC1970295C006A40485A499AF4DB7C9E8287051C611AF78A0225FFD525500BE"
"Candidate/PressShop/InboundCoilDelivery/DockArchitecture_v001/CA_MW_Inbound_DockArchitecture_v001_manifest.json","Candidate/PressShop/InboundCoilDelivery/DockArchitecture_v001","587","2026-08-08T01:32:30.9569940Z","DA9FCC944FC19118208003DA6DCBCEE8AC31A37E2843F4840B1E9DCE944BD9F1"
"Candidate/PressShop/InboundCoilDelivery/DockArchitecture_v002/CA_MW_Inbound_DockArchitecture_v002_manifest.json","Candidate/PressShop/InboundCoilDelivery/DockArchitecture_v002","588","2026-08-08T02:26:11.8788016Z","6376B77A2920D2ED2339736F9D47695EE1D5003696F5EDEC080908FEC307E4A9"
"Candidate/PressShop/InboundCoilDelivery/Enclosure_v001/CA_MW_Inbound_InstalledEnclosure_v001_manifest.json","Candidate/PressShop/InboundCoilDelivery/Enclosure_v001","574","2026-08-08T00:46:39.6728324Z","4EB93A3B9E2CFFB57DD7BEF58DBFD5880B69F24C7328FEFC5DBDD59B3CA9D7AA"
"Candidate/PressShop/InboundCoilDelivery/LorryAssembly_v001/CA_MW_Inbound_LorryFourCoil_v001_manifest.json","Candidate/PressShop/InboundCoilDelivery/LorryAssembly_v001","489","2026-08-08T01:17:59.0202933Z","057A64430A4345E2B4A2187AAFEBF7CC87535FBCCE1D5F2CE812CE0FAF654FE9"
"Candidate/PressShop/InboundCoilDelivery/LorryAssembly_v002/CA_MW_Inbound_LorryFourCoil_v002_manifest.json","Candidate/PressShop/InboundCoilDelivery/LorryAssembly_v002","632","2026-08-08T02:48:03.5522265Z","2A39024C041187BABF5C4F84590145345E5BD4899C187729B7B7FCD1ADFE89B0"
"Candidate/PressShop/InboundCoilDelivery/LorryLoadedWrappedCoils_v20260809_v006/export_manifest_v006.json","Candidate/PressShop/InboundCoilDelivery/LorryLoadedWrappedCoils_v20260809_v006","870","2026-08-09T09:24:31.6002121Z","47D174F5D0A760A2E9A32A3B8AE0B77BAE6E151D7DBE383476C0A763C748552F"
"Candidate/PressShop/InboundCoilDelivery/MeshyAdjustableCoilStand_v20260809_v005/export_manifest_v005.json","Candidate/PressShop/InboundCoilDelivery/MeshyAdjustableCoilStand_v20260809_v005","981","2026-08-09T09:23:01.0783756Z","52FD06CD93BEDB62544744BF43A7F038C4E107DE37E88948896E46CAA0052557"
"Candidate/PressShop/InboundCoilDelivery/MeshyCoilAGV_v20260809_v001/intake_manifest.json","Candidate/PressShop/InboundCoilDelivery/MeshyCoilAGV_v20260809_v001","2463","2026-08-09T08:23:20.7221193Z","6432C9CEC78AF5B698B982BE0465C6D2501F4A6F1FB445FB4E589279B7B49557"
"Candidate/PressShop/InboundCoilDelivery/Modular_v001/CA_MW_InboundCoilDelivery_Modular_v001_manifest.json","Candidate/PressShop/InboundCoilDelivery/Modular_v001","741","2026-08-07T21:31:08.0203657Z","5749B48EFFF3B65E451C57E6280A6B6144E8E8D25F24B0DA4D851E8C0C94B332"
"Candidate/PressShop/InboundCoilDelivery/Modular_v002/CA_MW_InboundCoilDelivery_Modular_v002_manifest.json","Candidate/PressShop/InboundCoilDelivery/Modular_v002","831","2026-08-07T21:55:30.6345891Z","5F9EC8BB62249426F2750180C1CBBB60B71B8565F3866A8B6DC40D79CC7A8266"
"Candidate/PressShop/InboundCoilDelivery/Modular_v003/CA_MW_InboundCoilDelivery_Modular_v003_manifest.json","Candidate/PressShop/InboundCoilDelivery/Modular_v003","758","2026-08-07T22:05:50.3805996Z","EBCB412C11025CD356E6A4FF1E3151F828C07793E9E025ED3E5085947377AD66"
"Candidate/PressShop/InboundCoilDelivery/Modular_v004/CA_MW_InboundCoilDelivery_Modular_v004_manifest.json","Candidate/PressShop/InboundCoilDelivery/Modular_v004","867","2026-08-07T22:49:34.2142420Z","3C07B2F67A6EAC0F3475A60F567433C59176FDF9A06FFBBCD455C8A9D63443E9"
"Candidate/PressShop/InboundCoilDelivery/Modular_v005/CA_MW_InboundCoilDelivery_Modular_v005_manifest.json","Candidate/PressShop/InboundCoilDelivery/Modular_v005","922","2026-08-08T00:28:25.2436256Z","EC32BA117C471CF779B61201F79B46D99438FA66B074C1CEAAEF9DA5AF7D6911"
"Candidate/PressShop/Meshy_S03_ComponentBatch_v624/batch_manifest.json","Candidate/PressShop/Meshy_S03_ComponentBatch_v624","2022","2026-08-08T08:21:20.4453501Z","6189149B749CE05B19DCA606265512A9B7DB4A070F1ABA6EB51432EBC115D130"
"Candidate/PressShop/PR002/UserScannerRuntime_v20260810_v921/PR002_UNREAL_STAGING_MANIFEST_v849.json","Candidate/PressShop/PR002/UserScannerRuntime_v20260810_v921","10832","2026-08-09T17:44:01.3716672Z","0FB8C87174BBB488F438FADC7F36224A7617B40C9D8F433D59FC2ABBE8A31B80"
"Candidate/PressShop/PR004/MissingEquipmentProMeshyPack_v20260809_v814/PR004_MISSING_EQUIPMENT_MANIFEST_v814.json","Candidate/PressShop/PR004/MissingEquipmentProMeshyPack_v20260809_v814","1358","2026-08-09T14:28:36.9013822Z","8D8701CFECBE90E76F2A11E632B53B5C87D68474AC2623E0D2804D4A2E26B972"
"Candidate/PressShop/PR005/Candidate_v001/PR005_EXTERIOR_ENCLOSURE_MANIFEST_v001.json","Candidate/PressShop/PR005/Candidate_v001","39048","2026-08-05T15:49:22.6857089Z","BFE5424C4824E66AE08AE1F490CA967715A7F8F5C776F6BB0E34CE848B63580C"
"Candidate/PressShop/PR005/Candidate_v002/PR005_EXTERIOR_ENCLOSURE_MANIFEST_v002.json","Candidate/PressShop/PR005/Candidate_v002","43214","2026-08-05T16:18:12.3710656Z","02B0BDFFA6FFC90CC2568F697F00135311E192A2EF31E5709912F2D36B56A52B"
"Candidate/PressShop/PR005/RuntimeCageInfill_UnrealDerived_v005/PR005_RUNTIME_CAGE_INFILL_UNREAL_DERIVED_MANIFEST_v005.json","Candidate/PressShop/PR005/RuntimeCageInfill_UnrealDerived_v005","1076","2026-08-05T23:26:54.7711694Z","0777C39D1DEC206684E3BC810A7B3E80ED3CDE38C70AD31B4D5D9D07A0C55E90"
"Candidate/PressShop/PR005/RuntimeCageInfill_v004/PR005_RUNTIME_CAGE_INFILL_MANIFEST_v004.json","Candidate/PressShop/PR005/RuntimeCageInfill_v004","1588","2026-08-05T23:26:54.7581690Z","B100C669958DEB2DEEB8F51A1C029A4DD7ACFD1E303999C7710FDCD724900B85"
"Candidate/PressShop/PR005/ServiceBayInstalled_UnrealDerived_v009/PR005_SERVICE_BAY_INSTALLED_UNREAL_DERIVED_MANIFEST_v009.json","Candidate/PressShop/PR005/ServiceBayInstalled_UnrealDerived_v009","1243","2026-08-06T00:26:32.4970383Z","F621DC0439B2B3FDD45A018D026DA06081795197795B9F88511CADF102E3C93A"
"Candidate/PressShop/PR005/ServiceBayInstalled_UnrealDerived_v011/PR005_SERVICE_BAY_INSTALLED_UNREAL_DERIVED_MANIFEST_v011.json","Candidate/PressShop/PR005/ServiceBayInstalled_UnrealDerived_v011","1243","2026-08-06T00:31:33.1449192Z","FEF8719162BC88381455B3D6C71C29A9AB5B38E305CFE9AA8CF875421A299EE0"
"Candidate/PressShop/PR005/ServiceBayInstalled_UnrealDerived_v013/PR005_SERVICE_BAY_INSTALLED_UNREAL_DERIVED_MANIFEST_v013.json","Candidate/PressShop/PR005/ServiceBayInstalled_UnrealDerived_v013","1243","2026-08-06T00:34:52.2307401Z","3A22A2AFB7BC187DFD5B8FF4A3A7B8B3F70692E7EF68D8EC3CF99C53CFCEF7B6"
"Candidate/PressShop/PR005/ServiceBayInstalled_v008/PR005_SERVICE_BAY_INSTALLED_MANIFEST_v008.json","Candidate/PressShop/PR005/ServiceBayInstalled_v008","1240","2026-08-06T00:26:32.4960370Z","52CEC18DDBBE3A8EFE0E13048EFED63E4F76C97C74A617F8066BB3CEDEBF6B47"
"Candidate/PressShop/PR005/ServiceBayInstalled_v010/PR005_SERVICE_BAY_INSTALLED_MANIFEST_v010.json","Candidate/PressShop/PR005/ServiceBayInstalled_v010","1240","2026-08-06T00:31:33.1449192Z","0ED6A91BA2DA7803E756EBBB10B44C9874566B10973426639254E377E0B3776E"
"Candidate/PressShop/PR005/ServiceBayInstalled_v012/PR005_SERVICE_BAY_INSTALLED_MANIFEST_v012.json","Candidate/PressShop/PR005/ServiceBayInstalled_v012","1240","2026-08-06T00:34:52.2297455Z","5117C5F750BE155DF3F0747DE40CFECC668E22FF0E4CE71CE2BA5155A87D0B09"
"Candidate/PressShop/PR005/ServiceLogistics_UnrealDerived_v007/PR005_SERVICE_LOGISTICS_UNREAL_DERIVED_MANIFEST_v007.json","Candidate/PressShop/PR005/ServiceLogistics_UnrealDerived_v007","1174","2026-08-06T00:08:21.3232546Z","A94C8985C1917530F1C8D702377808DE5F2ABD41B50E052E050CB06C604BC319"
"Candidate/PressShop/PR005/ServiceLogistics_v006/PR005_SERVICE_LOGISTICS_MANIFEST_v006.json","Candidate/PressShop/PR005/ServiceLogistics_v006","1168","2026-08-06T00:08:21.3232546Z","CF7E502ED90616F04E683EE7E9A500574C53B698421E07575D7B0EDF2DB17A15"
"Candidate/PressShop/PR005/UnrealDerived_v003/PR005_EXTERIOR_ENCLOSURE_UNREAL_DERIVED_MANIFEST_v003.json","Candidate/PressShop/PR005/UnrealDerived_v003","9818","2026-08-05T22:49:37.1865797Z","632EDBF12057A27826978252E2AE865EFAC8EA82FCAFAD9BEB38152CFC8051F8"
"Candidate/PressShop/PR006/GenerationReference_v20260809_v815/PR006_GENERATION_REFERENCE_MANIFEST_v815.json","Candidate/PressShop/PR006/GenerationReference_v20260809_v815","1283","2026-08-09T14:33:12.4479054Z","85B3DB0C756C07AAF4888B3D02D7C48E2BFE99A3DC81CF0AEE71A9E8E714BBD9"
"Candidate/PressShop/PR007/GenerationReference_v20260809_v816/PR007_GENERATION_REFERENCE_MANIFEST_v816.json","Candidate/PressShop/PR007/GenerationReference_v20260809_v816","1313","2026-08-09T14:36:46.3238444Z","EE5E2121B5949C04E2E6BB89EE20CA3B207468C9C4B799E33292F81F4D840C1F"
"Candidate/PressShop/PR008/ProDesignPack_v20260809_v818/PR008_PRO_DESIGN_MANIFEST_v818.json","Candidate/PressShop/PR008/ProDesignPack_v20260809_v818","1166","2026-08-09T14:44:23.7170048Z","347C29A67AE3345BC806BCD78C7348A369CD3A3DA78A8F912042ABE7016CD0B3"
"Candidate/PressShop/PR009/ProDesignPack_v20260809_v819/PR009_PRO_DESIGN_MANIFEST_v819.json","Candidate/PressShop/PR009/ProDesignPack_v20260809_v819","1013","2026-08-09T14:48:02.8344378Z","C5B51D8581CE2E833C8025FB2D1B188E81A8E648A790F85114B8AACC488736F0"
"Candidate/PressShop/PR010/ProDesignPack_v20260809_v820/PR010_PRO_DESIGN_MANIFEST_v820.json","Candidate/PressShop/PR010/ProDesignPack_v20260809_v820","1043","2026-08-09T14:49:59.5429729Z","589181507B37F9716CF067ECD7BE6479C053B387B8DEB114AD15892FC0A8EDCF"
"Candidate/PressShop/PRESS_SHOP_APPROVED_ASSET_MANIFEST_v20260810.json","Candidate/PressShop","6487","2026-08-10T15:29:08.4290802Z","CE7F64ECAEE4D5F7FB58DBEEE01A5E927A11F05D230EE1523458AF61D26EBF7A"
"Candidate/PressShop/TrainIdentity/PhysicalSigns_v396/PHYSICAL_TRAIN_IDENTITY_MANIFEST_v396.json","Candidate/PressShop/TrainIdentity/PhysicalSigns_v396","3331","2026-08-07T13:02:33.3882084Z","76E4230D3B0E7958AFBE9FAC0A7B03116E9ABE9EC412116605D16969E89DC834"
"Candidate/PressShop/TrainIdentity/PhysicalSigns_v402/PHYSICAL_TRAIN_IDENTITY_MANIFEST_v402.json","Candidate/PressShop/TrainIdentity/PhysicalSigns_v402","3331","2026-08-07T13:22:37.8700780Z","C19329ED92FE7AF7076853A1E95F6823C2FA5B2F92D29D71C3AE1811C6D79634"
"Candidate/PressShop/TrainIdentity/PhysicalSigns_v406/PHYSICAL_TRAIN_IDENTITY_MANIFEST_v406.json","Candidate/PressShop/TrainIdentity/PhysicalSigns_v406","3331","2026-08-07T13:27:51.8996705Z","2256B08DB7BCE7D071883DBAFCFB98594CCF761935373898A202ACEF5484828D"
"Candidate/PressShop/TrainIdentity/PhysicalSigns_v410/PHYSICAL_TRAIN_IDENTITY_MANIFEST_v410.json","Candidate/PressShop/TrainIdentity/PhysicalSigns_v410","3331","2026-08-07T13:31:04.6170723Z","1901796C526563569E3780C1937BA5CBA46979333C0D774FC323CEEFD9752C25"
"Candidate/PressTrains/Shared/CrownToolingUtilityPack_v001/PRESS_TRAIN_CROWN_TOOLING_UTILITY_MANIFEST_v001.json","Candidate/PressTrains/Shared/CrownToolingUtilityPack_v001","15985","2026-08-05T14:56:30.6612435Z","9A67E7A66F6D63325F5865E7392EBB1C4DEB11008F8E3D6C1B86AF872F9FBBA3"
"Candidate/PressTrains/Shared/ExteriorPolishPack_v001/PRESS_TRAIN_EXTERIOR_POLISH_MANIFEST_v001.json","Candidate/PressTrains/Shared/ExteriorPolishPack_v001","18545","2026-08-05T14:32:56.0967372Z","23B30DD5D531E6B754E17B3032DD1A0191EE61B36422F844910765C386A65852"
"Candidate/PressTrains/Shared/MeshyIsolatedIntake_v625/Generated/Meshy6_v646/Repaired_v648/REPAIR_MANIFEST_v648.json","Candidate/PressTrains/Shared/MeshyIsolatedIntake_v625/Generated/Meshy6_v646/Repaired_v648","2207","2026-08-08T13:55:11.9305103Z","52D1479198152DF6062E8D6E65C3320E05B1118A12B0DC255EE4D8F04F19D105"
"Candidate/PressTrains/Shared/MeshyIsolatedIntake_v625/MESHY_ISOLATED_INTAKE_MANIFEST_v625.json","Candidate/PressTrains/Shared/MeshyIsolatedIntake_v625","7717","2026-08-08T08:48:06.4617915Z","B6E21A3922632FCBF401621C418DF26DD3E78EDC77F235DDD8B10ED0DF2C4CB2"
"Candidate/PressTrains/Shared/MeshyIsolatedIntake_v625/Prepared/Meshy6Views_v645/MANIFEST_v645.json","Candidate/PressTrains/Shared/MeshyIsolatedIntake_v625/Prepared/Meshy6Views_v645","26448","2026-08-08T13:37:57.4654096Z","CAF2E61227C04B9C2144706199C5B74A79A3A11956AFF7164FE06FB1DB1CD0F2"
"Candidate/PressTrains/Shared/MeshyIsolatedIntake_v625/Prepared/S03_ComponentPanels_v628/manifest_v628.json","Candidate/PressTrains/Shared/MeshyIsolatedIntake_v625/Prepared/S03_ComponentPanels_v628","9550","2026-08-08T09:14:11.6332459Z","9FAEC241587C395F23057ED364C003BC3AB9A7377801997CFDE3E3DC01D97C71"
"Candidate/PressTrains/Shared/MeshyUnloadRobot_v20260809_v001/intake_manifest.json","Candidate/PressTrains/Shared/MeshyUnloadRobot_v20260809_v001","3688","2026-08-09T08:52:52.7400721Z","32FF9B47CFBF7F288CEA0C3B1928DCA5E6988EB5523CFBCF3AB959945A0CC66C"
"Candidate/PressTrains/Shared/MeshyUnloadRobot_v20260809_v001/Rigged_v002/rig_validation_manifest_v002.json","Candidate/PressTrains/Shared/MeshyUnloadRobot_v20260809_v001/Rigged_v002","3030","2026-08-09T09:20:11.2433135Z","9C873FF74C33B58435CD22C8C891306DF2947D7C3EE88DADF6FC8F617A932545"
"Candidate/PressTrains/Shared/MeshyUnloadRobot_v20260809_v001/Runtime_v001/runtime_manifest.json","Candidate/PressTrains/Shared/MeshyUnloadRobot_v20260809_v001/Runtime_v001","916","2026-08-09T08:52:52.7400721Z","B3D0093EE078CE61FA0AE71DD46DDF93504E1E7B13182781AEE2C9E3B88EBAA5"
"Candidate/PressTrains/Shared/PressBodyModuleLibrary_v024/PRESS_BODY_MODULE_LIBRARY_MANIFEST_v024.json","Candidate/PressTrains/Shared/PressBodyModuleLibrary_v024","9925","2026-08-07T07:22:33.5478304Z","557C500D7EB8F36F2534A967948C991DD44A7514221499F4FE232F13782B9048"
"Candidate/PressTrains/Shared/PressBodyModuleLibrary_v025/PRESS_BODY_MODULE_LIBRARY_MANIFEST_v025.json","Candidate/PressTrains/Shared/PressBodyModuleLibrary_v025","9922","2026-08-07T07:23:50.0483366Z","E73E247BAC85EF90BE7606C5E63F0369F9997A6E2A610C9269C73ED7BC5BEBF3"
"Candidate/PressTrains/Shared/ProDesignPack_v20260809_v821/PRESS_TRAINS_SHARED_AUTHORITY_MANIFEST_v821.json","Candidate/PressTrains/Shared/ProDesignPack_v20260809_v821","2030","2026-08-09T14:53:36.8186006Z","D5118382E6694284D8103865D103F1F8138C7712C19375EF43D6B5BE1B494152"
"Candidate/PressTrains/Shared/RigidPressShell_v729/RIGID_PRESS_SHELL_MANIFEST_v729.json","Candidate/PressTrains/Shared/RigidPressShell_v729","1751","2026-08-08T16:22:15.1083565Z","4BE4BDEF0672A347666F658EFBEFA5F3ECAF8E6BA744BBD73BE239B1248BD38C"
"Candidate/PressTrains/Shared/UserApprovedS03Walker_v20260809_v001/Runtime_v001/runtime_manifest.json","Candidate/PressTrains/Shared/UserApprovedS03Walker_v20260809_v001/Runtime_v001","2053","2026-08-09T10:08:39.3741588Z","2FB0BB7B36E1898F7425363A42DFA2013F9DC95A2ABB13EA3E06252E2F92ACCE"
"Candidate/PressTrains/TrainA/AssemblyStudy_v001/PRESS_TRAIN_A_ASSEMBLY_STUDY_MANIFEST_v001.json","Candidate/PressTrains/TrainA/AssemblyStudy_v001","96950","2026-08-05T15:38:45.5306962Z","9FF4E04599C770E04077F39B715E05A470F6871E436A005931E89345CB8A2659"
"Candidate/PressTrains/TrainA/AssemblyStudy_v002/PRESS_TRAIN_A_ASSEMBLY_STUDY_MANIFEST_v002.json","Candidate/PressTrains/TrainA/AssemblyStudy_v002","161974","2026-08-06T03:25:48.1178868Z","4DBD4A70D9B3A014247A5C16E018BA9DB970E84C387B13CE79F69047D345E585"
"Candidate/PressTrains/TrainA/AssemblyStudy_v003/PRESS_TRAIN_A_ASSEMBLY_STUDY_MANIFEST_v003.json","Candidate/PressTrains/TrainA/AssemblyStudy_v003","187482","2026-08-06T04:21:37.9958226Z","FABAD1DF48E22783633037B788CE3D2E4ECE76C86081893A8D53B27CDD2069D8"
"Candidate/PressTrains/TrainA/AssemblyStudy_v004/PRESS_TRAIN_A_ASSEMBLY_STUDY_MANIFEST_v004.json","Candidate/PressTrains/TrainA/AssemblyStudy_v004","191901","2026-08-06T05:02:49.2739228Z","D8890F701322ABD1EF696FC72CC45A1C97D5CCF1887CCA58511C5A522E31570A"
"Candidate/PressTrains/TrainA/AssemblyStudy_v005/PRESS_TRAIN_A_ASSEMBLY_STUDY_MANIFEST_v005.json","Candidate/PressTrains/TrainA/AssemblyStudy_v005","213099","2026-08-06T05:09:18.3325349Z","75CA8E5741C2ECF1BDA47B517E43DB544EF6F434A14584F416042603AC79C60F"
"Candidate/PressTrains/TrainA/AssemblyStudy_v006/PRESS_TRAIN_A_ASSEMBLY_STUDY_MANIFEST_v006.json","Candidate/PressTrains/TrainA/AssemblyStudy_v006","227428","2026-08-06T05:14:33.3394276Z","DA851B1D39FF950E35D5E58780F031E9B4AF913A884B52B5B04061FCBF9C5545"
"Candidate/PressTrains/TrainA/AssemblyStudy_v007/PRESS_TRAIN_A_ASSEMBLY_STUDY_MANIFEST_v007.json","Candidate/PressTrains/TrainA/AssemblyStudy_v007","240719","2026-08-06T05:19:44.2809037Z","892743FB724FFFB03777AAE0BE893E5D5350487EC7DFDFF3EDDAAC1C48BC4895"
"Candidate/PressTrains/TrainA/AssemblyStudy_v008/PRESS_TRAIN_A_ASSEMBLY_STUDY_MANIFEST_v008.json","Candidate/PressTrains/TrainA/AssemblyStudy_v008","242970","2026-08-06T05:57:22.4040936Z","B190C99F1B9CCE2224B4D07CF9332EBD63BC6D847C955175FB204018CE4B8B4F"
"Candidate/PressTrains/TrainA/AssemblyStudy_v009/PRESS_TRAIN_A_ASSEMBLY_STUDY_MANIFEST_v009.json","Candidate/PressTrains/TrainA/AssemblyStudy_v009","243027","2026-08-06T06:01:21.5181929Z","9C793BBDD0079EDC8003A6CC2351E1F86032FD4A6B92ADDB6C8CE5191A830AE4"
"Candidate/PressTrains/TrainA/AssemblyStudy_v010/PRESS_TRAIN_A_ASSEMBLY_STUDY_MANIFEST_v010.json","Candidate/PressTrains/TrainA/AssemblyStudy_v010","243644","2026-08-06T06:28:04.4646795Z","9CFB01F878BBA8C74419530113548614995E0C6435FFA0C6CB17E54F8246851A"
"Candidate/PressTrains/TrainA/AssemblyStudy_v011/PRESS_TRAIN_A_ASSEMBLY_STUDY_MANIFEST_v011.json","Candidate/PressTrains/TrainA/AssemblyStudy_v011","244054","2026-08-06T06:32:18.8293757Z","6369D86EC9D10CD1ECAA385F590886A640E0D7BF910A20FA4C44CCB5229FD0AA"
"Candidate/PressTrains/TrainA/AssemblyStudy_v012/PRESS_TRAIN_A_ASSEMBLY_STUDY_MANIFEST_v012.json","Candidate/PressTrains/TrainA/AssemblyStudy_v012","245244","2026-08-06T07:03:09.3091001Z","65FF4A2F808752FF7DEF12F703C9B008A98278EB9BC78AC2816181AE333747CD"
"Candidate/PressTrains/TrainA/AssemblyStudy_v013/PRESS_TRAIN_A_ASSEMBLY_STUDY_MANIFEST_v013.json","Candidate/PressTrains/TrainA/AssemblyStudy_v013","272166","2026-08-07T03:24:04.8476687Z","2577598F399E5050ADAA37F7379401939095CB0472669A66368611682A74AD9D"
"Candidate/PressTrains/TrainA/Audio_v001/press_train_a_audio_manifest_v001.json","Candidate/PressTrains/TrainA/Audio_v001","2364","2026-08-06T08:18:29.0828019Z","EBC4FDB30366BE03AA291D0B25362A9CA26D4696B75EDC2624632278A40B4EA1"
"Candidate/PressTrains/TrainA/Audio_v002/press_train_a_audio_manifest_v002.json","Candidate/PressTrains/TrainA/Audio_v002","2379","2026-08-06T08:35:55.4568462Z","5F8B66ACB9686DE1C38D7EC552C85A10475CC5E9028890C6B7A810F0A88C6E6A"
"Candidate/PressTrains/TrainA/CompleteS03Assembly_v649/ASSEMBLY_MANIFEST_v649.json","Candidate/PressTrains/TrainA/CompleteS03Assembly_v649","4219","2026-08-08T13:59:25.8363972Z","9472DEF6655C67F36151DC0A7277830BC9A83A83485B175EBD59A18EA0477B5D"
"Candidate/PressTrains/TrainA/CompleteTrainAAssembly_v660/ASSEMBLY_MANIFEST_v660.json","Candidate/PressTrains/TrainA/CompleteTrainAAssembly_v660","3526","2026-08-08T14:23:46.2241359Z","89F4D7285297A7E7A92664D3DFA0ED238EB3813209C4AA4016072401ED0B4A7C"
"Candidate/PressTrains/TrainA/DedicatedEndCells_v027/DEDICATED_END_CELLS_MANIFEST_v027.json","Candidate/PressTrains/TrainA/DedicatedEndCells_v027","2769","2026-08-07T07:29:17.4084642Z","BA7A345B30876DEC41D2DB0331ECA85E987B25EA933FE299AA5EFAA1424FBD6A"
"Candidate/PressTrains/TrainA/DedicatedEndCellsGuarded_v029/DEDICATED_END_CELLS_GUARDED_MANIFEST_v029.json","Candidate/PressTrains/TrainA/DedicatedEndCellsGuarded_v029","4050","2026-08-07T07:40:53.7898240Z","A9AD17A22A8C457763CDB2B567A60E0A01C49CB021C6A939A8111F4E1BB79E2D"
"Candidate/PressTrains/TrainA/DedicatedEndCellsOpen_v028/DEDICATED_END_CELLS_OPEN_MANIFEST_v028.json","Candidate/PressTrains/TrainA/DedicatedEndCellsOpen_v028","5444","2026-08-07T07:38:07.2813906Z","1E3B5F4D986338EE94A41B1A190B7AFBBA27E81335BC6BEB111CB33A73D2D8BF"
"Candidate/PressTrains/TrainA/Meshy6CoreEvaluation_v636/MANIFEST_v636.json","Candidate/PressTrains/TrainA/Meshy6CoreEvaluation_v636","577","2026-08-08T12:19:30.5004273Z","2BB9675604E6D5397F5FE99F7EE3B9D9D7EAD07667AF919B12A137D95BAB4F22"
"Candidate/PressTrains/TrainA/Meshy6CorrectedCoreAssembly_v643/CORRECTION_MANIFEST_v643.json","Candidate/PressTrains/TrainA/Meshy6CorrectedCoreAssembly_v643","1553","2026-08-08T13:22:03.6134634Z","4F5F4EF3D873DE3FE4C6D6396D3F14AE75944B4B305325C821B8D48171B4807F"
"Candidate/PressTrains/TrainA/Meshy6P0Assembly_v640/ASSEMBLY_MANIFEST_v640.json","Candidate/PressTrains/TrainA/Meshy6P0Assembly_v640","3391","2026-08-08T13:18:41.6061393Z","6E57939A4C01DF265DCBE2C3D77B209673C7AA6CEA529D06EC19EA30E4D7DC57"
"Candidate/PressTrains/TrainA/Meshy6SupportingSystemsProduction_v637/MANIFEST_v637.json","Candidate/PressTrains/TrainA/Meshy6SupportingSystemsProduction_v637","2897","2026-08-08T12:40:18.1223972Z","F00027DA5B2C33C8EF0AC50FE2E3C388F8CD975D77BB8E051CA89C66DFB903C1"
"Candidate/PressTrains/TrainA/MeshySupportingSystemsReferences_v634/MeshySupportingSystemsReferences_v634.manifest.json","Candidate/PressTrains/TrainA/MeshySupportingSystemsReferences_v634","55276","2026-08-08T10:22:12.9826756Z","28023D64D594E0A62D66BFCA8E80D42BACAD660400AC04E3109DA1A69E2493E6"
"Candidate/PressTrains/TrainA/ModularAssembly_v031/PRESS_TRAIN_A_MODULAR_ASSEMBLY_MANIFEST_v031.json","Candidate/PressTrains/TrainA/ModularAssembly_v031","4975","2026-08-07T07:48:25.3527050Z","0CCF558C1BA59AFFB124A0A0ECB0B044EF00677513590D824E556583DC67BACD"
"Candidate/PressTrains/TrainA/ModularAssembly_v032/PRESS_TRAIN_A_MODULAR_ASSEMBLY_MANIFEST_v032.json","Candidate/PressTrains/TrainA/ModularAssembly_v032","4990","2026-08-07T07:51:06.6023523Z","F73EC0958FED78CD92643C8C9E89C079A1D6F086E750841B492BEEE469EAE0A5"
"Candidate/PressTrains/TrainA/PresentationShell_v014/PRESS_TRAIN_A_PRESENTATION_SHELL_MANIFEST_v014.json","Candidate/PressTrains/TrainA/PresentationShell_v014","1301","2026-08-07T04:04:57.4063675Z","2BD9E88BE9BF7FAB2FA865D91982137DF7E63C09963A35BF10E2E8F63933C777"
"Candidate/PressTrains/TrainA/PresentationShell_v015/PRESS_TRAIN_A_PRESENTATION_SHELL_MANIFEST_v015.json","Candidate/PressTrains/TrainA/PresentationShell_v015","1529","2026-08-07T04:55:25.7024197Z","FED18446E2CAC542D4FA7CB7BACBE5A2842221ADB6F77ED97D023156DE15AC80"
"Candidate/PressTrains/TrainA/PresentationShell_v016/PRESS_TRAIN_A_PRESENTATION_SHELL_MANIFEST_v016.json","Candidate/PressTrains/TrainA/PresentationShell_v016","1441","2026-08-07T05:44:50.4363882Z","96AA5806478D54D04E1A02B34D7E3A21AF123284205B1CFF65734E6BFF3EFC6B"
"Candidate/PressTrains/TrainA/PressModulePrototype_v017/PRESS_MODULE_PROTOTYPE_MANIFEST_v017.json","Candidate/PressTrains/TrainA/PressModulePrototype_v017","1254","2026-08-07T06:40:08.6983455Z","A07A0C85C2B9AE9029C2972A00D613E4ECE6CC04573AE940E9CFCFDEE318A4AB"
"Candidate/PressTrains/TrainA/PressModulePrototype_v018/PRESS_MODULE_PROTOTYPE_MANIFEST_v018.json","Candidate/PressTrains/TrainA/PressModulePrototype_v018","1254","2026-08-07T06:40:48.3941316Z","6B8415CFE8EB73589150EA7A86455254C0F993B38502A9C8556EAD003D316EB3"
"Candidate/PressTrains/TrainA/PressModulePrototype_v019/PRESS_MODULE_PROTOTYPE_MANIFEST_v019.json","Candidate/PressTrains/TrainA/PressModulePrototype_v019","1387","2026-08-07T06:49:42.1020184Z","554B264F31404BF8D9FF04CCADCA62CBCBF5D3749E331F96F891E8A30E5C17BF"
"Candidate/PressTrains/TrainA/PressModulePrototype_v020/PRESS_MODULE_PROTOTYPE_MANIFEST_v020.json","Candidate/PressTrains/TrainA/PressModulePrototype_v020","2267","2026-08-07T06:58:14.3713633Z","782386F0C7ECFB12CA110F28711ECD33492507CB2E1484E62D9D13126DA3CC82"
"Candidate/PressTrains/TrainA/PressModulePrototype_v021/PRESS_MODULE_PROTOTYPE_MANIFEST_v021.json","Candidate/PressTrains/TrainA/PressModulePrototype_v021","1690","2026-08-07T07:10:33.3382917Z","01112D58BB68DBBF407663BAE50E3A167423B9AD39AAC2426EF0DE4317807E44"
"Candidate/PressTrains/TrainA/PressModulePrototype_v022/PRESS_MODULE_PROTOTYPE_MANIFEST_v022.json","Candidate/PressTrains/TrainA/PressModulePrototype_v022","1751","2026-08-07T07:14:09.6726206Z","0BAEABBD88B45220F9283DCF02946DD5B5C078F2E7535B7784DE1A82B3CC381D"
"Candidate/PressTrains/TrainA/StationToolingVariants_v030/STATION_TOOLING_VARIANTS_MANIFEST_v030.json","Candidate/PressTrains/TrainA/StationToolingVariants_v030","3810","2026-08-07T07:45:50.0757755Z","74C25D45BDA91AA7411A21D2259B26BEFDD5DE0D2D7CE31A139CE4082DB258E6"
"Candidate/UI/ProductionFlowThumbnails_v001/manifest.json","Candidate/UI/ProductionFlowThumbnails_v001","7238","2026-08-12T07:39:18.9042153Z","F3B1F2154DFB8FCA953617AEB90F5E9382A32F130DC0A8CD56029A6DABEF3DA3"
"Candidate/UI/ProductionFlowThumbnails_v002/manifest.json","Candidate/UI/ProductionFlowThumbnails_v002","13713","2026-08-12T09:04:59.5432919Z","952111FAC7B830741327C31D5BD74B6FB6AF3DADF3E982A37244FD532390288C"
"Candidate/Vehicles/Cairnwell2040/ChassisFrameUnderbody_Intake_v001/MANIFEST_v001.json","Candidate/Vehicles/Cairnwell2040/ChassisFrameUnderbody_Intake_v001","5260","2026-08-12T07:18:24.0390938Z","4CA48300FECE1FD3C7FA02262C5798B063BE2ED3844DD77F76E2BB914B128F9A"
"Candidate/Vehicles/Cairnwell2040/FinishedVehicleVisual_Intake_v001/MANIFEST_v001.json","Candidate/Vehicles/Cairnwell2040/FinishedVehicleVisual_Intake_v001","1634","2026-08-12T12:11:58.3223061Z","7A5FE66283FD59A275B881A24755CFA3102739936342C0D7C9B607BDEF6BDD47"
"Candidate/Vehicles/Cairnwell2040/PanelPack_v001/MANIFEST_v001.json","Candidate/Vehicles/Cairnwell2040/PanelPack_v001","14519","2026-08-11T17:31:26.8315733Z","F064B2FC4D241C34BFB2CFA1D9577CD2EE081F5A8CB717B1BDE56F86F1E4E8B9"
"Candidate/Vehicles/Cairnwell2040/PanelRuntime_v001/MANIFEST_v001.json","Candidate/Vehicles/Cairnwell2040/PanelRuntime_v001","31315","2026-08-11T18:11:14.1070576Z","245E047421A00B1F4046CDA9E9098F22D14CC228249DF5EFED636C9F311EACD6"
"Candidate/WeldShop/BodyWeldFramingFixture_Intake_v001/MANIFEST_v001.json","Candidate/WeldShop/BodyWeldFramingFixture_Intake_v001","1555","2026-08-12T11:58:00.2532380Z","89C345EAB2A67603DBAA1403595FBAF6FC282EA508B66D3613028D1AE89C7940"
"Candidate/WeldShop/MIGRobot_v001/Audit/implementation_manifest_v001.json","Candidate/WeldShop/MIGRobot_v001/Audit","8627","2026-08-11T18:44:57.0908178Z","066FBBC0B57D75F2488985DA27EDECF42712AAB246081F484772F932479384CE"
"Candidate/WeldShop/PanelStillage_ThreeHigh_Intake_v001/MANIFEST_v001.json","Candidate/WeldShop/PanelStillage_ThreeHigh_Intake_v001","3609","2026-08-12T07:39:47.4036125Z","C01CAADE8C582A877C4EB44F6ED6FB60225E246A0DCCFBE49E0A9CDEE3FF525A"
"Candidate/WeldShop/SpotRobot_v001/Audit/implementation_manifest_v001.json","Candidate/WeldShop/SpotRobot_v001/Audit","7721","2026-08-11T18:46:00.5831233Z","42876209D9D4C783692316EB133A5FC69ED081F06AA730E37C9AE17CE2627BF9"
"Candidate/WeldShop/SpotRobot_v002/MANIFEST_v002.json","Candidate/WeldShop/SpotRobot_v002","3985","2026-08-12T07:46:24.1940910Z","77550B8FE8E7439381C58A0A7B9520DBC743BB8ACDA5EA2DFB364DA6A8EB95BF"
"Candidate/WeldShop/VacuumPanelPickEOAT_Intake_v001/MANIFEST_v001.json","Candidate/WeldShop/VacuumPanelPickEOAT_Intake_v001","3307","2026-08-12T12:05:06.5667886Z","F577D7425BABB42EAD8F7D8824BF9F67704E7AA557BDA85B4EE0FB0FA8056C40"
"Candidate/WeldShop/VisionQualityGate_Intake_v001/MANIFEST_v001.json","Candidate/WeldShop/VisionQualityGate_Intake_v001","2996","2026-08-12T07:29:49.8870211Z","2847CA095DD81528A84D8ED3CC1107AFDF338E049AE43CA49DC0C73D25C58C78"
"Candidate/WeldShop/WeldRobotRuntime_v001/Audit/implementation_manifest_v001.json","Candidate/WeldShop/WeldRobotRuntime_v001/Audit","4543","2026-08-12T06:43:58.5989376Z","5BE69246DECA87B78BE50D43F0B815FBD3B182F4228E3BF8C74D3C4C9A2742B1"
"ControlRoom/MainControlRoom_v004/documentation/asset_manifest.json","ControlRoom/MainControlRoom_v004/documentation","1244548","2026-08-04T14:01:36.2609749Z","1C5476A6C6223C8E325B21AE2DE63EE6D21591527038E199DA21C88A54770627"
"ControlRoom/MainControlRoom_v004/documentation/interaction_surface_manifest.json","ControlRoom/MainControlRoom_v004/documentation","136304","2026-08-04T14:01:36.2639754Z","EF9D0BC67A4F0C2C003AB43E6EA9B139B6AE2E2F2A743FDBADF3D1B5802A32AA"
"ControlRoom/MainControlRoom_v004/documentation/player_validation_camera_manifest.json","ControlRoom/MainControlRoom_v004/documentation","3339","2026-08-04T14:01:36.2649758Z","D2A3F4BE28820FC45EA2D32E11E7981E47DEFE4F4F949697D9F99EA54C9B6C11"
"ControlRoom/MainControlRoom_v005/documentation/asset_manifest.json","ControlRoom/MainControlRoom_v005/documentation","1244551","2026-08-05T07:49:48.0752733Z","25EEA4922AA68CB1A670AAD0910C86CCBE314179BD43D2D50EEE76212CBBEFFA"
"ControlRoom/MainControlRoom_v005/documentation/interaction_surface_manifest.json","ControlRoom/MainControlRoom_v005/documentation","136304","2026-08-05T07:49:48.0792732Z","EF9D0BC67A4F0C2C003AB43E6EA9B139B6AE2E2F2A743FDBADF3D1B5802A32AA"
"ControlRoom/MainControlRoom_v005/documentation/player_validation_camera_manifest.json","ControlRoom/MainControlRoom_v005/documentation","3339","2026-08-05T07:49:48.0792732Z","D2A3F4BE28820FC45EA2D32E11E7981E47DEFE4F4F949697D9F99EA54C9B6C11"
"ControlRoom/MainControlRoom_v006/documentation/asset_manifest.json","ControlRoom/MainControlRoom_v006/documentation","1244882","2026-08-05T08:16:57.9686997Z","757F04AB4FA766135262C1C772619960011FF93A948E47329CDD7D95EC8D2ED4"
"ControlRoom/MainControlRoom_v006/documentation/interaction_surface_manifest.json","ControlRoom/MainControlRoom_v006/documentation","136304","2026-08-05T08:16:57.9716920Z","EF9D0BC67A4F0C2C003AB43E6EA9B139B6AE2E2F2A743FDBADF3D1B5802A32AA"
"ControlRoom/MainControlRoom_v006/documentation/player_validation_camera_manifest.json","ControlRoom/MainControlRoom_v006/documentation","3339","2026-08-05T08:16:57.9726995Z","D2A3F4BE28820FC45EA2D32E11E7981E47DEFE4F4F949697D9F99EA54C9B6C11"
"ControlRoom/MainControlRoom_v034/documentation/asset_manifest.json","ControlRoom/MainControlRoom_v034/documentation","1244550","2026-08-05T10:54:07.5117376Z","190A4B0BA3442E4AF925ED5A73FD3E7E0E2EF75BE2A760CCF7CE9A8621F56685"
"ControlRoom/MainControlRoom_v034/documentation/interaction_surface_manifest.json","ControlRoom/MainControlRoom_v034/documentation","136304","2026-08-05T10:54:07.5167336Z","EF9D0BC67A4F0C2C003AB43E6EA9B139B6AE2E2F2A743FDBADF3D1B5802A32AA"
"ControlRoom/MainControlRoom_v034/documentation/player_validation_camera_manifest.json","ControlRoom/MainControlRoom_v034/documentation","3339","2026-08-05T10:54:07.5187377Z","D2A3F4BE28820FC45EA2D32E11E7981E47DEFE4F4F949697D9F99EA54C9B6C11"
"IndustrialKit/BridgeCrane/CHook/Candidate_v033/LB_Crane_CHook_Candidate_v033_manifest.json","IndustrialKit/BridgeCrane/CHook/Candidate_v033","921","2026-08-03T23:05:36.3555871Z","D476CBF5AA76B644346EA18648F7E4486A95D479FB144834540A209A0D549F00"
"IndustrialKit/BridgeCrane/InboundInstalledCrane/Candidate_v001/CA_MW_InboundInstalledCrane_Candidate_v001_manifest.json","IndustrialKit/BridgeCrane/InboundInstalledCrane/Candidate_v001","696","2026-08-07T23:27:19.8454255Z","953AEAD4415C3971F48BFD60A97F9AA527BABEEDCB4DD4F6B3A307B2F2C99822"
"IndustrialKit/BridgeCrane/PoweredCHook/Candidate_v034/LB_Crane_PoweredCHook_Candidate_v034_manifest.json","IndustrialKit/BridgeCrane/PoweredCHook/Candidate_v034","1738","2026-08-05T19:23:42.0863938Z","85D1DC86547034D4ACBFC1BF547DB4C57AB7EB4C47C3421F55DA67F5111FD26D"
"IndustrialKit/BridgeCrane/PoweredCHook/Candidate_v035/LB_Crane_PoweredCHook_Candidate_v035_manifest.json","IndustrialKit/BridgeCrane/PoweredCHook/Candidate_v035","3634","2026-08-05T20:26:03.2873036Z","38265785B9F7B5768AA937B0E15D0E1C4950484594474136F078D763EBAA4C67"
"IndustrialKit/BridgeCrane/SupportHoist/Candidate_v001/LB_Crane_SupportHoist_30T_Candidate_v001_manifest.json","IndustrialKit/BridgeCrane/SupportHoist/Candidate_v001","1022","2026-08-05T15:04:17.9893671Z","C7EEDBCF56941686BCCA04CA650E86862633599D1CA8DBEF482EB25C0B30DCBC"
"IndustrialKit/BridgeCrane/SupportHook/Candidate_v037/LB_Crane_SupportHookBlock_30T_Candidate_v037_manifest.json","IndustrialKit/BridgeCrane/SupportHook/Candidate_v037","974","2026-08-04T00:21:41.7706896Z","C876A1590FB3D76633C2FDE4D1636E95628701F5F4E959A4BF347AED5FF6F13A"
"IndustrialKit/BridgeCrane/SupportHook/Candidate_v038/LB_Crane_SupportHookBlock_30T_Candidate_v038_manifest.json","IndustrialKit/BridgeCrane/SupportHook/Candidate_v038","1210","2026-08-04T00:30:55.2020944Z","87118084FC1CEE93DB634C5C69C4992AE72758B5094EA90F86E936B58424BB14"
"IndustrialKit/CoilSaddle/coil_saddle_candidate_v002_manifest.json","IndustrialKit/CoilSaddle","1786","2026-08-01T18:12:10.7672407Z","57D2C9F333E184BE1F0F45309F83813D081D2C081A903518E4F26621EB2284E9"
"IndustrialKit/MasterCoil/Candidate_v004/master_coil_candidate_v004_manifest.json","IndustrialKit/MasterCoil/Candidate_v004","2201","2026-08-03T21:33:19.5599575Z","63382B99A5A4D4033633B46CD84828E82A5337F501380B717A21439FFA321642"
"IndustrialKit/MasterCoil/Candidate_v005/master_coil_candidate_v005_manifest.json","IndustrialKit/MasterCoil/Candidate_v005","2903","2026-08-05T14:30:12.8745405Z","6FCAE8D31E8FB5D06B7527D65E1760195021C34A4A36E0015963AC6D95947631"
"IndustrialKit/MasterCoil/master_coil_candidate_v003_manifest.json","IndustrialKit/MasterCoil","1897","2026-08-01T18:19:13.6200789Z","3F3414CEC2136E3C316A405B5D131F0E71C406702A40C37DE8F2C57218F2CA79"
"IndustrialKit/MaterialHandling/CoilAGV/Candidate_v001/LB_CoilAGV_Candidate_v001_manifest.json","IndustrialKit/MaterialHandling/CoilAGV/Candidate_v001","1821","2026-08-05T18:57:44.7478412Z","A5076D0DD74C9BDCB53E5B8B8BC5AD5A402EE38EF64338464FD34CAAABD0758E"
"IndustrialKit/SafetyBarrier_v002/safety_barrier_kit_2400_candidate_v002_manifest.json","IndustrialKit/SafetyBarrier_v002","4605","2026-08-02T06:37:38.2750954Z","B5BE781F0E12A66C0FCB104390FA5FD6135529F61EB06C3283A7ADA11BD8C281"
"PR004/FilmDewrapSpindle/pr004_film_dewrap_spindle_candidate_v001_manifest.json","PR004/FilmDewrapSpindle","16315","2026-08-01T21:41:23.1182637Z","4739AF4BF3F84076CA4F75D65B6E7F6161081EDC7A3E7018632E8E38F28BED89"
"PR004/FilmDewrapSpindle_v002/pr004_film_dewrap_spindle_candidate_v002_manifest.json","PR004/FilmDewrapSpindle_v002","14442","2026-08-01T22:15:23.6864696Z","C9969A35A7ADAE5273551829C592603BF7613A88E1DC5DC06BACADCD5204EDEA"
"PR004/FilmDewrapSpindle_v003/pr004_film_dewrap_spindle_candidate_v003_manifest.json","PR004/FilmDewrapSpindle_v003","14659","2026-08-01T22:24:01.1412324Z","038823905FF145211ADE962D1937D83E32FC91FB72332B168B95291F32CEAC9C"
"PR004/FilmDewrapSpindle_v004/pr004_film_dewrap_spindle_candidate_v004_manifest.json","PR004/FilmDewrapSpindle_v004","15142","2026-08-01T22:50:07.5555834Z","5057279B06565D83B6B93E850F84F75E2C751775C0ED96DA0E8E463A784B35BD"
"PR004/FilmDewrapSpindle_v005/pr004_film_dewrap_spindle_candidate_v005_manifest.json","PR004/FilmDewrapSpindle_v005","18472","2026-08-02T07:08:12.5453601Z","FC59EBFB50408BE06626324A76DC673B4E12FB68CEDA267B807EBD1989D4FA9A"
"PR004/FilmDewrapSpindle_v006/pr004_film_dewrap_spindle_candidate_v006_manifest.json","PR004/FilmDewrapSpindle_v006","19917","2026-08-02T07:20:52.5658956Z","D3BA687E2A874BCE35CE2920C99E9012C6B97A82197261020BB7A116316AF5B6"
"PR004/FilmDewrapSpindle_v006/pr004_film_dewrap_spindle_candidate_v007_manifest.json","PR004/FilmDewrapSpindle_v006","20325","2026-08-02T07:48:11.1783095Z","69A88DE3E30F1943FEF78662D0E6914C29CF1B6A7612B67F032F129394EABB1B"
"PR004/FilmDewrapSpindle_v007/pr004_film_dewrap_spindle_candidate_v007_manifest.json","PR004/FilmDewrapSpindle_v007","20325","2026-08-02T07:49:39.4940202Z","6492F9A484053E80122F9A852D69F024956B66A1C6EF62765A445782947894D3"
"PR004/PackagingRig/pr004_packaging_rig_candidate_v001_manifest.json","PR004/PackagingRig","39865","2026-08-01T19:25:21.9049240Z","91782177C7799141E7EC5175772C69A7D22013FDCC77341D2289D661CDFCAD42"
"PR004/PackagingRig_v002/pr004_packaging_rig_candidate_v002_manifest.json","PR004/PackagingRig_v002","48297","2026-08-01T20:18:57.0888970Z","FDE81EAB44C025CEA3467DB7FCDF08DF4DF77DD063762B95856A01D6B12CB3B4"
"PR004/PackagingRig_v003/pr004_packaging_rig_candidate_v003_manifest.json","PR004/PackagingRig_v003","59059","2026-08-02T00:25:12.9237859Z","F7B535DBA339C0C93B665DF2E01754D7BD98FA105A5B6440CCA219EA6E69DBFF"
"PR004/PackagingRig_v004/pr004_packaging_rig_candidate_v004_manifest.json","PR004/PackagingRig_v004","61500","2026-08-02T01:01:51.6662253Z","EE57077000BFF44366ACE8951E841915EFFD9D4A9C57374D9DF25B1DC2E4C0BE"
"PR004/PoweredRestrainedCradle/pr004_powered_cradle_candidate_v001_manifest.json","PR004/PoweredRestrainedCradle","8380","2026-08-01T18:32:56.4544584Z","0F3D9C9CFAA881C7389FE1A2D09592D5B4C2080DD4E91EEC36B0B506E2E84D44"
"PR004/ProcessContext_v001/pr004_process_context_candidate_v001_manifest.json","PR004/ProcessContext_v001","5890","2026-08-01T23:12:01.4346632Z","F62E074E4305CEB403CF7B240AD2770562EF2241446829EC7D8D44F8AE01B8B1"
"PR004/RoboticDepackRobot/pr004_robotic_depack_robot_candidate_v001_manifest.json","PR004/RoboticDepackRobot","42199","2026-08-01T19:34:20.8076230Z","1317D5F325AE8F993CD840B33299ADA0281F2FC71F4308A1E1500F52B6473B6D"
"PR004/RoboticDepackRobot/pr004_robotic_depack_robot_candidate_v002_manifest.json","PR004/RoboticDepackRobot","48532","2026-08-01T19:34:22.7776168Z","A2A6CD8788D3E6085B08A68CE9CFC380C7EAED057B566CCD55D72831A2EA7137"
"PR004/WasteConditioningSkid/pr004_waste_conditioning_skid_candidate_v001_manifest.json","PR004/WasteConditioningSkid","17458","2026-08-01T20:54:08.3579799Z","39C40DA3E850D4331A279A66211CAD2F88F81E9AF6CFF5F522D492752911C7CC"
"PR005/CoilCar/module_manifest.json","PR005/CoilCar","9638","2026-08-01T12:02:22.9429704Z","EF9AB5653D8CE1D8A9ABE1E2C6038ABD7C92116EAA3FBA9196EB0FD73E513630"
"PR005/ContinuousStrip/module_manifest.json","PR005/ContinuousStrip","2411","2026-08-01T12:02:25.3719687Z","8D845C3064BF42CE5F42CA35B5E96137F89F4DE3DA32A8188466DC4D5B18CED0"
"PR005/CropShear/module_manifest.json","PR005/CropShear","6134","2026-08-01T12:02:25.4809699Z","6F710CE47945B798A1DCE95652C8BEF164057CEB1DE8A386FDEE2B4F6DB03BD9"
"PR005/FloorRoutes/Candidate_v048/module_manifest.json","PR005/FloorRoutes/Candidate_v048","1208","2026-08-04T04:38:49.6786833Z","39DF9C910677C3AB8D34109B3389F25451AD72EB83BE5BA044FBA57C715993BC"
"PR005/FloorRoutes/Candidate_v049/module_manifest.json","PR005/FloorRoutes/Candidate_v049","1382","2026-08-04T04:47:18.1932496Z","5D5A9916C9499DABD66A7797604F5B67AA0DC2312C88F0502330740CA880F2A5"
"PR005/FloorZoning/module_manifest.json","PR005/FloorZoning","3787","2026-08-01T12:03:13.1794675Z","55A7441B44E81BB2E62B66DCEA4C062416A76BF6ECFD4E74A4DDFA0D7B6675CE"
"PR005/GuardingHMI/module_manifest.json","PR005/GuardingHMI","13763","2026-08-01T12:03:13.9344695Z","58F9C61D6B150D48674B5F4531E844410D414C8C47B6196A4D81F86EFE2EB0F9"
"PR005/Headstock/module_manifest.json","PR005/Headstock","4341","2026-08-01T12:02:22.7129696Z","FB89954DD759A9A41A9904CEB77660FB169DAA6C373E8117A57E35C3C28D78F6"
"PR005/HydraulicPowerUnit/module_manifest.json","PR005/HydraulicPowerUnit","4130","2026-08-01T12:03:13.2904715Z","49EF5321AE9674ED11E856517BBF4A27422C8BAA36E9AD60C15B78902DA6CECB"
"PR005/HydraulicRouting/Candidate_v051/module_manifest.json","PR005/HydraulicRouting/Candidate_v051","1098","2026-08-04T05:06:37.2784441Z","0E368416F2816908A878FE8C39BD1C1D27733F7447EA28A999AD87CF885916D9"
"PR005/HydraulicRouting/Candidate_v052/module_manifest.json","PR005/HydraulicRouting/Candidate_v052","1259","2026-08-04T05:24:47.1606683Z","E2AFB4CEEA03263F3BAC4BC32D762A1E7919F1D9683DD8C1CF87CBAEB63B321D"
"PR005/HydraulicRouting/module_manifest.json","PR005/HydraulicRouting","3741","2026-08-01T12:03:13.2354655Z","535B46840CA6093BC5A0822715841BD558A4314649DE848639F2D3BF8042D436"
"PR005/KeeperSnubber/module_manifest.json","PR005/KeeperSnubber","8128","2026-08-01T12:02:25.5389679Z","0F0E9C15FC097F880C749EEED16D6918A5638CE39E0CE3538E0B7A3088DEFCA4"
"PR005/Mandrel/module_manifest.json","PR005/Mandrel","6244","2026-08-01T12:02:22.7089727Z","2E2B171A815CF4FD52EAE710385F358FB9F254AAA92B425F542B93ABE8C0FB0D"
"PR005/PayoffCoil/module_manifest.json","PR005/PayoffCoil","2959","2026-08-01T12:02:22.6409675Z","F2317E13FD2F20979185B9D864761ECD510740B3016EC3329B5F94CC1484FA79"
"PR005/PeelerThreader/module_manifest.json","PR005/PeelerThreader","24204","2026-08-01T12:02:26.5877012Z","AAB4CD50DE144D0C3CFF66F1F219730797685369AFAD901A255365B8E835C9B3"
"PR005/ServiceLabels/module_manifest.json","PR005/ServiceLabels","3021","2026-08-01T12:03:13.1764707Z","48B4E18263E3FF70423A74C3EB332B1B4B11D67B1DFB527F65048884F1B0EB97"
"PR006/PrecisionCassetteLeveller/Candidate_v001/pr006_precision_leveller_module_manifest_v001.json","PR006/PrecisionCassetteLeveller/Candidate_v001","18981","2026-08-04T06:06:18.1832130Z","05541F665FAD263923BA8A97C087199AFBC7E0DEC6438FC881DD96647C5EA196"
"PR006/PrecisionCassetteLeveller/ReleaseDetail_v001/pr006_release_detail_manifest_v001.json","PR006/PrecisionCassetteLeveller/ReleaseDetail_v001","3148","2026-08-06T01:13:45.1475159Z","F8DDEE603D4A15D5B26ABBB816AF0CA48D4ED1D754B6F95E18632B8876A49DA7"
"PR007/StripBridges/Candidate_v001/pr007_strip_bridge_module_manifest_v001.json","PR007/StripBridges/Candidate_v001","2629","2026-08-04T06:36:02.1976941Z","75A37F69CFD9324EA301EC58BD82A369AB646F105A3E86526D3C1636D14B5A8C"
"PR007/WasherLubeUnit/Candidate_v001/pr007_washer_lube_module_manifest_v001.json","PR007/WasherLubeUnit/Candidate_v001","12162","2026-08-04T06:20:51.7169908Z","8BAB9940C0D36D2DD02BDC66A2DBF9A87BC7161E256D985CC839BFF7F96A45E7"
"PR007/WasherLubeUnit/ReleaseDetail_v001/pr007_release_detail_manifest_v001.json","PR007/WasherLubeUnit/ReleaseDetail_v001","3227","2026-08-06T01:41:28.7683050Z","EF644ABC82ED92A76152FA4F62B96B2A1A5B1E9C7AFA65A6D2B5065D4EC69896"
"PR008/ServoBlankingLine/Candidate_v001/pr008_servo_blanking_module_manifest_v001.json","PR008/ServoBlankingLine/Candidate_v001","12687","2026-08-04T07:29:44.1585406Z","D9FD35285332CE574226B988F342BC108F807CD90AE4C530CF56A8B03E39BC93"
"PR008/ServoBlankingLine/Detailed_v001/pr008_module01_entry_loop_manifest_v001.json","PR008/ServoBlankingLine/Detailed_v001","6007","2026-08-04T09:09:50.8497369Z","A7FE4025134063314126042DCB00AC80ABFE0980F9ECF3E148510B6BB49E9807"
"PR008/ServoBlankingLine/Detailed_v001/pr008_module02_edge_tracking_manifest_v001.json","PR008/ServoBlankingLine/Detailed_v001","4627","2026-08-04T09:29:53.4920833Z","1FD5F180FC077FFBD6875A1E9B37CAFA5A0D52B4986AE1097ED565D776C225B0"
"PR008/ServoBlankingLine/Detailed_v001/pr008_module03_servo_feed_manifest_v001.json","PR008/ServoBlankingLine/Detailed_v001","6481","2026-08-04T09:50:08.3260530Z","F3DC08D10F204A674D154B9496925022F25753F312DB3E83B5725B1697BC85D2"
"PR008/ServoBlankingLine/Detailed_v001/pr008_module04_telescopic_support_manifest_v001.json","PR008/ServoBlankingLine/Detailed_v001","4743","2026-08-04T10:12:20.6546208Z","590512D21F03786952C4FD60B14003708EA3211840DCF9229F678FD789334C64"
"PR008/ServoBlankingLine/Detailed_v001/pr008_module05_prepunch_manifest_v001.json","PR008/ServoBlankingLine/Detailed_v001","5345","2026-08-04T10:33:57.5096052Z","6FD9733218A5E9C7B1A67D136242D5F646B3BB4E96F284E40B8840CA0FF0B8BB"
"PR008/ServoBlankingLine/Detailed_v001/pr008_module06_shear_manifest_v001.json","PR008/ServoBlankingLine/Detailed_v001","5138","2026-08-04T10:51:18.7640948Z","21C8331B090777438E81F3ECB6C1873BE50B7550A452CB9488FA1454EB0896B6"
"PR008/ServoBlankingLine/Detailed_v001/pr008_module07_discharge_manifest_v001.json","PR008/ServoBlankingLine/Detailed_v001","7159","2026-08-04T11:22:49.0571582Z","536D2CFB4109ED8D6BD09EB686A8D6F28067537A71F4FC68182C34B83DC905F4"
"PR008/ServoBlankingLine/Detailed_v001/pr008_module08_hpu_manifest_v001.json","PR008/ServoBlankingLine/Detailed_v001","3456","2026-08-04T11:40:55.1744990Z","E38C0BBEF03A00D5C393254F5D06DD0F783A495A5EF2895D4BD9E6A9663D3D9B"
"PR008/ServoBlankingLine/Detailed_v001/pr008_module09_cabinets_manifest_v001.json","PR008/ServoBlankingLine/Detailed_v001","3563","2026-08-04T12:01:08.7688386Z","8C67061E0A9B0E499A4053AC0F34417D9B077B1319E08AB76AE8DFC4CB9FDC43"
"PR008/ServoBlankingLine/Detailed_v001/pr008_module10_hmi_manifest_v001.json","PR008/ServoBlankingLine/Detailed_v001","3319","2026-08-04T12:27:40.1089964Z","43D2F8F3292EA9241330C9C17BE8E5F2B5B3FCBCAAA4EEE7509CFB78897CF3BD"
"PR008/ServoBlankingLine/ProEnvelope_v001/pr008_pro_envelope_module_manifest_v001.json","PR008/ServoBlankingLine/ProEnvelope_v001","6334","2026-08-04T08:45:45.5538286Z","65D04C1B3A04113CD79212CF941F46D513EEF85283F65D9BDB8DC8C0E4683F50"
"PR008/ServoBlankingLine/ReleaseAnchorBase_v001/pr008_release_anchor_base_manifest_v001.json","PR008/ServoBlankingLine/ReleaseAnchorBase_v001","3780","2026-08-06T02:16:59.5215945Z","886A9FA082542260EF0103D2AE03C27D2906D1EF5360B036F0BB9A11B6BE1A15"
"PR008/StripTransition/Candidate_v001/pr008_strip_transition_module_manifest_v001.json","PR008/StripTransition/Candidate_v001","1955","2026-08-04T07:53:53.5300415Z","4C769DFDA097B5E0A262DF375ECCF272C359B311A1D7F2483CF65CDE7F807971"
"PR008/StripTransition/ProEntryLoop_v002/pr008_strip_transition_module_manifest_v002.json","PR008/StripTransition/ProEntryLoop_v002","1955","2026-08-04T08:59:51.0903308Z","4C769DFDA097B5E0A262DF375ECCF272C359B311A1D7F2483CF65CDE7F807971"
"PR009/AutomatedBlankStacker/Candidate_v001/05_MACHINE_IDENTITY_AND_INTERACTION_MANIFEST.json","PR009/AutomatedBlankStacker/Candidate_v001","6797","2026-08-04T14:34:28.0090165Z","9DBE9E1B6E46DDBFF63E8D422BDD3BB39E83BD58CF0FBFB59DB368EB8BF2B9C2"
"PR009/AutomatedBlankStacker/Candidate_v001/09_HANDOFF_MANIFEST.json","PR009/AutomatedBlankStacker/Candidate_v001","1694","2026-08-04T14:36:29.4728306Z","2182E1E8BCB7B6090D3D8C3D9FB3F47CEB3EDF130D6859F0D72AF34C5B65121D"
"PR009/AutomatedBlankStacker/Candidate_v001/CANONICAL_INTAKE_MANIFEST.json","PR009/AutomatedBlankStacker/Candidate_v001","11230","2026-08-04T15:23:35.5350301Z","868A9A14FD47C8AAEA8F84FB0E2A289DEEC53AEA081D86321E0B439B46C4E697"
"PR009/AutomatedBlankStacker/Candidate_v001/PR009_Audits/PR009_FBX_EXPORT_MANIFEST_v001.json","PR009/AutomatedBlankStacker/Candidate_v001/PR009_Audits","19575","2026-08-04T15:22:39.8648958Z","C774EB15A4305E3C48830279E5F3EAC4A84C31AC7B52B6E503A20B84212F40B4"
"PR009/AutomatedBlankStacker/Candidate_v001/PR009_Audits/PR009_SOURCE_RENDER_MANIFEST_v001.json","PR009/AutomatedBlankStacker/Candidate_v001/PR009_Audits","2372","2026-08-04T15:22:46.5758963Z","C3AA1CFD96B008063E487C8EA9FE3DE6DC7A5FAB30B6F32605A75814A548E277"
"PR009/AutomatedBlankStacker/Candidate_v002/05_MACHINE_IDENTITY_AND_INTERACTION_MANIFEST.json","PR009/AutomatedBlankStacker/Candidate_v002","6797","2026-08-04T14:34:28.0090165Z","9DBE9E1B6E46DDBFF63E8D422BDD3BB39E83BD58CF0FBFB59DB368EB8BF2B9C2"
"PR009/AutomatedBlankStacker/Candidate_v002/09_HANDOFF_MANIFEST.json","PR009/AutomatedBlankStacker/Candidate_v002","13439","2026-08-04T16:30:31.8104296Z","D79C06EB49CD2266AFFD3A0F11F521DD2EE4FD5FC0C4ACC49C6D20D0CAAF226E"
"PR009/AutomatedBlankStacker/Candidate_v002/CANONICAL_INTAKE_MANIFEST_v002.json","PR009/AutomatedBlankStacker/Candidate_v002","29577","2026-08-04T16:35:23.6366640Z","53D4B3E74880D04AC767806A2CD396059984183125EF9E4CBCF7260F72D1D850"
"PR009/AutomatedBlankStacker/Candidate_v002/PR009_Audits/v002/PR009_FBX_EXPORT_MANIFEST_v002.json","PR009/AutomatedBlankStacker/Candidate_v002/PR009_Audits/v002","54133","2026-08-04T16:28:30.8910213Z","22299C133D03151B56E161B84CA45F43FD6C03EC9D73AE925D3D23920F8AA75C"
"PR009/AutomatedBlankStacker/Candidate_v002/PR009_Audits/v002/PR009_SK_BINDING_MANIFEST_v002.json","PR009/AutomatedBlankStacker/Candidate_v002/PR009_Audits/v002","272220","2026-08-04T16:28:28.6715377Z","E847575DFA8E8EC288EB22BF48377B1F0ECACC8B522B648DF06320D92640FAA3"
"PR009/AutomatedBlankStacker/Candidate_v002/PR009_Audits/v002/PR009_SOURCE_RENDER_MANIFEST_v002.json","PR009/AutomatedBlankStacker/Candidate_v002/PR009_Audits/v002","3136","2026-08-04T16:28:39.1531045Z","6636263CD10C69FE139562C09E7B9CAA333F6423B06235F1EA4D304D71F7862A"
"PR009/AutomatedBlankStacker/Candidate_v002/PR009_Audits/v002/repro_build_a_binding_manifest.tmp.json","PR009/AutomatedBlankStacker/Candidate_v002/PR009_Audits/v002","272220","2026-08-04T16:23:15.0612557Z","E847575DFA8E8EC288EB22BF48377B1F0ECACC8B522B648DF06320D92640FAA3"
"PR009/AutomatedBlankStacker/Candidate_v002/PR009_Audits/v002/repro_build_a_export_manifest.tmp.json","PR009/AutomatedBlankStacker/Candidate_v002/PR009_Audits/v002","54133","2026-08-04T16:23:17.3632557Z","22299C133D03151B56E161B84CA45F43FD6C03EC9D73AE925D3D23920F8AA75C"
"PR009/AutomatedBlankStacker/Interface_v001/pr008_pr009_supported_transfer_manifest_v001.json","PR009/AutomatedBlankStacker/Interface_v001","12166","2026-08-04T15:32:20.6947047Z","A77618C8A1748677C29BDE1A56B1F0783217B04AF04FD1F08A90A8CB7BF2A6B1"
"PR009/AutomatedBlankStacker/Interface_v001/pr008_pr009_supported_transfer_render_manifest_v001.json","PR009/AutomatedBlankStacker/Interface_v001","617","2026-08-04T15:32:22.3397000Z","0AC107DA43674ED47014F3A890A2F94FAAC4B1FD49C230D5271ACE4DED754550"
"PR010/FourLaneBuffer/Blockout_v001/PR010_BLOCKOUT_MANIFEST_v001.json","PR010/FourLaneBuffer/Blockout_v001","56357","2026-08-04T21:41:03.7439245Z","57A62533C475BDAA8FEA69F54A8764BD0641B20D4456E6B09BE7BB05091FCBB9"
"PR010/FourLaneBuffer/ReleaseArt_v100/PR010_RELEASE_ART_MANIFEST_v100.json","PR010/FourLaneBuffer/ReleaseArt_v100","3094","2026-08-04T23:05:39.4599899Z","5E7ADB7AC147AEC0C100FA4E097B20F647413B9A9663C5EA156E9EB09FCA3E37"
"PR010/FourLaneBuffer/ReleaseArt_v101/PR010_RELEASE_ART_MANIFEST_v101.json","PR010/FourLaneBuffer/ReleaseArt_v101","1969","2026-08-04T23:17:54.9610854Z","67510DC30A5B11901B51EB416BD2726A68EEAFACCDFB22B066EEADC2BADC7FA1"
"PR010/FourLaneBuffer/ReleaseArt_v102/PR010_RELEASE_ART_MANIFEST_v102.json","PR010/FourLaneBuffer/ReleaseArt_v102","3687","2026-08-04T23:43:26.7109804Z","6BA20F4E7EC0A2BF5484C82D3AF2502F74BAF662ECDBF484904AFCBBEC6F2945"
"PR010/FourLaneBuffer/ReleaseArt_v103/PR010_RELEASE_ART_MANIFEST_v103.json","PR010/FourLaneBuffer/ReleaseArt_v103","2542","2026-08-05T00:04:40.8486217Z","5334168198445DDA78A05B50F7446C81D55D15C33A2EE286A941DE2E0BB5BA82"
"PressTrains/Shared/Blockout_v001/PRESS_TRAIN_SHARED_KIT_MANIFEST_v001.json","PressTrains/Shared/Blockout_v001","12211","2026-08-05T01:10:57.1087620Z","4330C648E73571411D06F2BDC9D463A37F608A5209869DDE9D9B4CE9B1FC5CB7"
"PressTrains/Shared/CrownEndpointPresentation_v001/PRESS_TRAIN_CROWN_ENDPOINT_PRESENTATION_MANIFEST_v001.json","PressTrains/Shared/CrownEndpointPresentation_v001","4056","2026-08-05T05:38:54.3972759Z","863FEA1EECD4DF250F2744E3D6024658F5AA6B515DD8B88DD745886263414421"
"PressTrains/Shared/CrownEndpointPresentation_v002/PRESS_TRAIN_CROWN_ENDPOINT_PRESENTATION_MANIFEST_v002.json","PressTrains/Shared/CrownEndpointPresentation_v002","4056","2026-08-05T05:53:17.6250596Z","57FBA13526FD9AE64B0A8C2D56E611413A7356840AE96E4AF734799F12649B89"
"PressTrains/Shared/CrownEndpointPresentation_v003/PRESS_TRAIN_CROWN_ENDPOINT_PRESENTATION_MANIFEST_v003.json","PressTrains/Shared/CrownEndpointPresentation_v003","4056","2026-08-05T06:28:48.9328165Z","6C9A97731F61A004B6D71E69BFEF410443DB185BDFAC450406CF3D95A2B7E80D"
"PressTrains/Shared/DockCouplingEvidence_v001/PRESS_TRAIN_DOCK_COUPLING_EVIDENCE_MANIFEST_v001.json","PressTrains/Shared/DockCouplingEvidence_v001","1939","2026-08-05T06:49:51.4825549Z","D476A24FD7AB0E321F15DFA8DB654B78D82626C51443D81576049052128ABCBE"
"PressTrains/Shared/DockCouplingEvidence_v002/PRESS_TRAIN_DOCK_COUPLING_EVIDENCE_MANIFEST_v002.json","PressTrains/Shared/DockCouplingEvidence_v002","1894","2026-08-05T12:43:44.3108726Z","7CDFBA6770AEE638BF272ACC83A451B0A210D0E03B0D88F1851E816E96763DD7"
"PressTrains/Shared/DockCouplingEvidence_v003/PRESS_TRAIN_DOCK_COUPLING_EVIDENCE_MANIFEST_v003.json","PressTrains/Shared/DockCouplingEvidence_v003","1908","2026-08-05T12:46:38.7246665Z","7E28C1CA7DCF92C7492C4F83B12132F3A115DA8509AE2935A66F5B21B9ED578A"
"PressTrains/Shared/EnclosedFacade_v001/PRESS_TRAIN_ENCLOSED_FACADE_MANIFEST_v001.json","PressTrains/Shared/EnclosedFacade_v001","5710","2026-08-05T04:06:47.4510393Z","599CE1D36FB5734CEEDCE94DB5CFBE311D16449180596EC51DE39853015EE783"
"PressTrains/Shared/ExteriorDetail_v002/PRESS_TRAIN_EXTERIOR_DETAIL_MANIFEST_v002.json","PressTrains/Shared/ExteriorDetail_v002","6316","2026-08-05T03:35:27.8986041Z","43029CF15994369B377B380D1C512AFE9AC4B07D15955D237617826346A630E3"
"PressTrains/Shared/InstalledService_v001/PRESS_TRAIN_INSTALLED_SERVICE_MANIFEST_v001.json","PressTrains/Shared/InstalledService_v001","4846","2026-08-05T02:37:25.8693215Z","64CD0A6680646A90D76E4F10638D87EF3853568E90FDB5B396672CD6E91DB3AA"
"PressTrains/Shared/MechanicalBay_v001/PRESS_TRAIN_MECHANICAL_BAY_MANIFEST_v001.json","PressTrains/Shared/MechanicalBay_v001","1425","2026-08-05T01:52:08.0279022Z","C7F0158689E2B12368BB973BEB36353901D0ECA616863C00BC415A169B0DE2A3"
"PressTrains/Shared/Presentation_v002/PRESS_TRAIN_SHARED_KIT_MANIFEST_v002.json","PressTrains/Shared/Presentation_v002","12211","2026-08-05T01:36:39.3512647Z","FBFC0F6A2D38C5F89C09398213DA94721F21C4E44118BAD98131D50996BCE25C"
"PressTrains/Shared/Presentation_v003/PRESS_TRAIN_SHARED_KIT_MANIFEST_v003.json","PressTrains/Shared/Presentation_v003","12211","2026-08-05T01:40:58.3036888Z","6DA8D9361915E6E96C860688B0B2EFF0D1EE265B03740773D110E81051FDC7A0"
"PressTrains/Shared/RaisedIdentityPlates_v001/PRESS_TRAIN_RAISED_IDENTITY_PLATES_MANIFEST_v001.json","PressTrains/Shared/RaisedIdentityPlates_v001","6431","2026-08-05T05:06:39.1952664Z","E9C251F352369C294917FC0340089AF83C7921E980DAE123B79549BB784CB35C"
"PressTrains/Shared/ReleaseDetail_v001/PRESS_TRAIN_RELEASE_DETAIL_MANIFEST_v001.json","PressTrains/Shared/ReleaseDetail_v001","8077","2026-08-05T03:11:32.3960086Z","0D8A2E4CC2C8372EF9AADB5B0E8433FE2A10F941DC7533D211162DFB11E96F51"
"PressTrains/Shared/SegmentedIdentityPlates_v002/PRESS_TRAIN_SEGMENTED_IDENTITY_PLATES_MANIFEST_v002.json","PressTrains/Shared/SegmentedIdentityPlates_v002","7274","2026-08-05T05:17:00.3088897Z","FA4D6B141CDB4859D3A55113E50782E3027CE4CD589826FC588EE9B058A94F23"
"PressTrains/Shared/StageDetail_v001/PRESS_TRAIN_STAGE_DETAIL_MANIFEST_v001.json","PressTrains/Shared/StageDetail_v001","4237","2026-08-05T02:16:28.7804271Z","BD0A2A90950B84F9804DB9FEE9EC5111281A3568789753AD2F3E4CD2A9628180"
"PressTrains/Shared/StageDetail_v002/PRESS_TRAIN_STAGE_DETAIL_MANIFEST_v002.json","PressTrains/Shared/StageDetail_v002","4239","2026-08-05T02:23:26.8961570Z","E3D059E6B7AC3B8DF4EDEFB5AB78E55D3794AE5734E9B2D71EB6A3DBACC38E88"
"PressTrains/Shared/StageExteriorCues_v001/PRESS_TRAIN_STAGE_EXTERIOR_CUES_MANIFEST_v001.json","PressTrains/Shared/StageExteriorCues_v001","4978","2026-08-05T04:38:25.6456678Z","5B1782180877387D432E6D12B40A29E7B10375F61E77AA7751176E175DC7DF68"
"Reference/PressShop/PR002/ProPack_v20260809_v813/PR002_PROPACK_MANIFEST_v813.json","Reference/PressShop/PR002/ProPack_v20260809_v813","1170","2026-08-09T14:24:11.2173021Z","F578EC96650826278A048F5B3D00268A005F40AFAECA7FAFFDC5DB57DB82425E"
"ReferencePacks/CAIRNWELL_MOORCROSS_MAIN_CONTROL_ROOM_PRO_REFERENCE_v1.0/MANIFEST.json","ReferencePacks/CAIRNWELL_MOORCROSS_MAIN_CONTROL_ROOM_PRO_REFERENCE_v1.0","2499","2026-08-04T12:08:05.8738406Z","CF736FDA210E0DAE0E908073D682D459B9150B145B251BC46DBC146D35881B44"
"ReferencePacks/LB_CR01_SHARED_ROBOT_PLATFORM_BUILD_PACK_v1.0/proxy/LB_CR01_Blockout_manifest.json","ReferencePacks/LB_CR01_SHARED_ROBOT_PLATFORM_BUILD_PACK_v1.0/proxy","957","2026-08-02T12:33:18.0000000Z","20FD4EF202DDF57D0F7E977F93B3147298A0249A039D2F0C3C926227C7A5AD18"
"ReferencePacks/LB_MR01_SHARED_PLATFORM_BUILD_PACK_v1.0/proxy/LB_MR01_Blockout_manifest.json","ReferencePacks/LB_MR01_SHARED_PLATFORM_BUILD_PACK_v1.0/proxy","1566","2026-08-02T14:48:12.0000000Z","F3B1C1631B934A9427D309F7D731E0999373A4545F02F0CA7A38B9F2AA0F6851"
"ReferencePacks/Manufacturer_CAD_References_v001/source_manifest.json","ReferencePacks/Manufacturer_CAD_References_v001","2578","2026-08-06T18:03:21.3976191Z","8F9E2D440F00888776B06AC37875FF797DF208BE56DFD492C20CF95996A2CDDF"
"Robots/LB_CR01_CleaningAMR/Validation/Candidate_v042/LB_CR01_UnrealChildStageManifest_v042.json","Robots/LB_CR01_CleaningAMR/Validation/Candidate_v042","11198","2026-08-03T10:00:33.9108792Z","C95981AD843A32DF21835A05F881006FB5B2E7FF99EAA659B43023753478430D"
"Robots/LB_CR01_CleaningAMR/Validation/Candidate_v043/LB_CR01_UnrealChildStageManifest_v043.json","Robots/LB_CR01_CleaningAMR/Validation/Candidate_v043","12886","2026-08-03T11:20:41.1893294Z","35258C77C3A8CEBD45719F2F1A7E75F750DFBA067FF68FFCC9810E23F463DAA0"
"Robots/LB_CR01_CleaningAMR/Validation/Candidate_v052/LB_CR01_UnrealChildStageManifest_v052.json","Robots/LB_CR01_CleaningAMR/Validation/Candidate_v052","10488","2026-08-03T12:56:21.6413107Z","0BB2D70084213BA52C2A8A3E229AB913275C80BEBFF9F1FA8A18DE0B3490DB9B"
"Robots/LB_CR01_CleaningAMR/Validation/Candidate_v059/LB_CR01_UnrealChildStageManifest_v059.json","Robots/LB_CR01_CleaningAMR/Validation/Candidate_v059","10488","2026-08-03T14:37:24.1883806Z","BC59F4CEB8F72D89C93C77FAA9FC21CBD07E17AE678DD3128839E4CF9229399B"
"Robots/LB_MR01_MaintenanceRobot/Validation/Candidate_v012/LB_MR01_Phase3_EvidenceManifest_v012.json","Robots/LB_MR01_MaintenanceRobot/Validation/Candidate_v012","2844","2026-08-03T10:08:52.4249524Z","B8EC7E41CFE05F464CEDC369EC9E63B19F9BFF67DEF6A6B5DF9EE6922F014492"
"Robots/LB_MR01_MaintenanceRobot/Validation/Candidate_v013/LB_MR01_RuggedExportCandidate_v013_EVIDENCE_MANIFEST.json","Robots/LB_MR01_MaintenanceRobot/Validation/Candidate_v013","8494","2026-08-03T11:21:57.2176200Z","3276005F143FF483A4816CFA37EDED85BD63899D863C434DF841B24442897858"
"Shared/FactoryAssetLibrary/MeshyCabinetHMI_v632/manifest_v632.json","Shared/FactoryAssetLibrary/MeshyCabinetHMI_v632","1426","2026-08-08T09:42:16.4821241Z","9C88ABB99A59B05AEE2A1D4BA487F0395B7755886F436EBE50AD17BD85CC4000"
"Shared/HMI/v003_ue001/hmi_unreal_manifest.json","Shared/HMI/v003_ue001","15538","2026-08-01T09:27:52.2658827Z","DA5773DD630786FDEBD45976443723E10F03246BFDB2EF9C217A997F2AA0CA30"
"Shared/HMI/v004_ue_modeling001/hmi_v004_unreal_manifest.json","Shared/HMI/v004_ue_modeling001","12113","2026-08-01T10:09:47.6573835Z","CC26981881D1869F01B6F42EC1A50E0391013AB4EB9A68ECD498330C856A68B5"
"Shared/HMI/v004_ue_modeling002/hmi_v004_unreal_manifest.json","Shared/HMI/v004_ue_modeling002","57092","2026-08-01T10:36:30.0382359Z","831A99333F4C9EE6E2275F70F58F4D651EAE73942AA3D01E88FC941649C915AF"
"Shared/HMI/v004_ue_modeling003/hmi_v004_unreal_manifest.json","Shared/HMI/v004_ue_modeling003","57092","2026-08-01T10:40:42.5198372Z","7D706D79ABCB439105E93205F712E1CA0E1FC6223FC98C83B219155F4D1A81B8"
"SharedSystems/AutomatedMachineEnclosure/Candidate_v001/CA_MW_ENC_PR009_PilotShell_01_manifest.json","SharedSystems/AutomatedMachineEnclosure/Candidate_v001","8634","2026-08-04T19:29:08.7794882Z","9299F6FDF281E4130E82D3F10BE3407CD3C53DDD56E618D8D6093B5FABC260AB"
"SharedSystems/AutomatedMachineEnclosure/Candidate_v002/CA_MW_ENC_PR009_ModularExports_v002_manifest.json","SharedSystems/AutomatedMachineEnclosure/Candidate_v002","18511","2026-08-04T19:37:37.9664822Z","78092E6044B1579B34980BFBBF83CD5F566EB85C6FE40B0DA6C8FBD929DF6178"
"SharedSystems/AutomatedMachineEnclosure/Candidate_v002/CA_MW_ENC_PR009_PilotShell_02_manifest.json","SharedSystems/AutomatedMachineEnclosure/Candidate_v002","2452","2026-08-04T19:34:46.7274739Z","1EDF45FB74A67FC39A9BCA2E371312D6413B6299C61F4442DAD3414A5BA43F04"
"SharedSystems/CleaningAMR/Dock_Candidate_v008/Unreal_ModularRuntime_v026/LB_CR01_ServiceDock_ModularRuntime_v026_EXPORT_MANIFEST.json","SharedSystems/CleaningAMR/Dock_Candidate_v008/Unreal_ModularRuntime_v026","8683","2026-08-06T22:42:10.9593730Z","C220B9A505B335EB9B71FCF990DB4FDE844D188140D31F95618AC0EF89838C92"
"SharedSystems/CleaningAMR/Dock_Candidate_v008/UnrealIntake_v002/SM_LB_CR01_ServiceDock_ClosedIntake_v002_EXPORT_MANIFEST.json","SharedSystems/CleaningAMR/Dock_Candidate_v008/UnrealIntake_v002","2855","2026-08-06T17:26:51.8564350Z","E15380A24B7D2080C909A10E30149CB3BAE58EB53D42D3DDBCD2F2F3C37D25F2"
"SharedSystems/MaintenanceAMR/Dock_Candidate_v005/Unreal_ModularRuntime_v026/LB_MR01_ServiceDock_ModularRuntime_v026_EXPORT_MANIFEST.json","SharedSystems/MaintenanceAMR/Dock_Candidate_v005/Unreal_ModularRuntime_v026","13282","2026-08-06T22:42:08.6890734Z","CA77E8C974123197996448F90E90CFDE4F9603FE0A8125096625B19AFC314550"
"SharedSystems/MaintenanceAMR/Dock_Candidate_v005/UnrealIntake_v002/SM_LB_MR01_ServiceDock_ClosedIntake_v002_EXPORT_MANIFEST.json","SharedSystems/MaintenanceAMR/Dock_Candidate_v005/UnrealIntake_v002","2869","2026-08-06T17:26:49.5578683Z","AAAFF4AE9786FFE77AEB65C7BC4285FC05385305F8A75588FD81A0BB5789E351"
